698a3ba70649d6ab4f2a65f5f81b648884f3d02a5b5763b81cc460406bf82199	0.0012758598889976494	0.9808830364278712	0.017841103683131243	198	
06184cbdd19515dcb743ca3146a8ccee55228916dd6e8231d3fc3e71a99a4dd8	0.001438653929208946	0.9834111924941971	0.015150153576594005	150	
00c2c3d8bcd0d24e1a0132b2ddc5f1eaccd3f5689c819552159302ab4851cbd0	0.030402456059812354	0.8665534377530097	0.10304410618717803	175	
f6661aed99998428f83ac88ff192c0f4a8d3ce7ab5bc564791fcaf9404c023f1	0.042765575152105086	0.7735846027002029	0.18364982214769193	220	
eae2d8171a9839df5c5ae605cefd17754e266572d9558539804cf6f9e3eb9e93	0.06707444680394206	0.8477099729919795	0.08521558020407852	172	
2dc29649884e29e34327bc433a1432e375b9128e0fb063be7d3c01b86b97e1f5	0.9435853025977643	0.0101973800453232	0.0462173173569126	197	
727e55a03790e0a2522952353310cebf2288ad01d22c2fc9b83a78989fc75d6f	0.0010316556699473828	0.001588770293820122	0.9973795740362326	242	
17d34263577dfc93a22ee14a5217517f9cb4872afd78e2e0e51f6261c5b58aa5	0.0034863615897229934	0.0009182749834579361	0.9955953634268191	194	
82cc3b49458b8d22ac26ef2e9ef528f7c85db472f6c79756e04f2844e2ac4b42	0.0010611773379678047	0.0018566325815022645	0.9970821900805299	219	
8cdc3736a41685e4d097dcb7763b0ef3e09122d8a17620f2860d529bb970d59c	0.0006522360121328186	0.0005375706623765651	0.9988101933254906	160	
9cd5e92046d77b00d3b94272a1b880080d08f146a6e239a86fba0f8a9ff12f57	0.0008071892085282627	0.00025408790030206706	0.9989387228911697	112	
4bbd829993b5a9adbf5275d6583ad9b4067784a53fd633ffc69a09141b0df2d3	0.0005685191895590657	0.0005011312327482996	0.9989303495776927	137	
bc3e94b510f12a771690227bcc3763acad7f5e0446dc6e9aabf8f2b9203f7695	0.0020019120487383612	0.002801061369154554	0.9951970265821072	168	
f4ad8f7629c44f67ee57d4d21d2a6c5041c85c0b090b7d4331a7abed40dd4c63	0.040785664549444885	0.001022712248524352	0.9581916232020308	120	
4bcb5ddaabf9b5727438e3879937fc068ccdccfabc9c828da00504f5146ed317	0.003601480046717103	0.00274386911513751	0.9936546508381454	145	
f715f2fbeb5427e9fd963e5a0244415d11761dd9f2a6d3bdf9dfd6444b6023af	0.0007344812054123196	0.001395074068560879	0.9978704447260268	173	
4dbce346559896c0fd5bc733b218f520a4848e04db8333af58561396ba8fb8c7	0.0009314581480467824	0.0004469714106200399	0.998621570441333	125	
6026a24bd6518fa42ce531a590bdd16ba40dc4cd1c6060ad16f54f11480fec55	0.0011963887855995052	0.001353746065665962	0.9974498651487345	150	
c7e4db9159a396d0ab9702013167a2cff2d8698789f4a1c7d6c4e8ffffcc1a46	0.0037249048127741867	0.0003448508105127447	0.9959302443767131	242	
4feb9a5ce69e7acae1e1c7712b796f4c7e5d9a9d87dfc6f9c606d021ddf1782f	0.005012016289885829	0.00014998388853054088	0.9948379998215836	194	
d8c74c7d5408127dc7a886bbc6a5304ff0a699bf8d426459c4ba16748830cc4b	0.0026217519245677525	0.0002817827012420926	0.99709646537419	219	
2f6be4ecb3cb360494dce8aa762a4bf778fa3bc0794de539e8c0f6b5a7b7fbd0	0.007232296976291341	0.9257594075576381	0.06700829546607057	106	
5bc72b2a68a9d76e4450f1eb5388ec95eb6743ed280714bf2967e37e99792467	0.8338924890510648	0.018172045440747187	0.14793546550818792	197	
16478b624bcfaf196674df3eb795352ac4d44a4452f888266dfa6dfe9dda9243	0.0016290687259780201	0.0009036623403623332	0.9974672689336598	219	
a034698f94887272de14e17d065e09679bfdb274b3b8c37621d075577c993b1d	0.0009042567878032291	0.00027613068610055997	0.9988196125260962	137	
a895586b738bef2253bf8c9c65ae984d1660545ec5440e959c71e2b28d29ce72	0.014868159048621828	0.000501292574872844	0.9846305483765053	145	
e1234165f02e967eea57ccf4f4ece4b418ae34305e088b9047fdfdd4a59acbbf	0.013630391627763623	0.4287669774134412	0.5576026309587951	150	
3d6c5a279d8f51794eed4107c218d228e34cf2d6eeea107f9b3d87b90d305533	0.0033034835484248076	0.002323528853711184	0.9943729875978639	219	
39497e2283a4a6a125505d063aecfcefe4abc9628688edb29e865b00dac7d47d	0.00023850726433309092	0.995292252477432	0.004469240258234963	80	
d4a8c68715a3cf422b4a1d98f00ac45d3a8e601bddd4747b67120d8336cf7ea3	0.0005727703359046832	0.0007317878667599503	0.9986954417973354	66	
6fd2775668c827d74f94eb6a32cc3445c0ca1f79257e95f4112115ff0c6a8666	0.00023827549177334351	0.9923934360818848	0.007368288426341861	61	
6b6222afd60961577034019e9d384f20c4dfae109c9739af565d64880c414d87	0.003106710611480677	0.0020584846275062507	0.9948348047610129	182	
21e2a7b54ac69452e32aa6a9c299db87708a5035b8b98e175a921818d1a7be52	0.022258103130140892	0.7466922292870979	0.2310496675827611	168	
35dd7b6b153888b51c2adffeef0f1ae9b87ef1e007b6e5757dac67f05443e4ee	0.05841337038018055	0.025742211110666668	0.9158444185091529	163	
24e6094adaed7ab42ebda1900c0a3f7f3b76814103afd2ac20073289db96eb22	0.0006048171625558039	0.007010833920095949	0.9923843489173483	204	
bee782fb6e8738f2e5c19adc1e61dc13bd5769e1c0e1186375a6f6548402093d	0.000745747143222213	0.0016234806948326854	0.9976307721619451	190	
ac8a3666b01226d7b795a40d9c2554b1f62b24750ad8e5811e45855cb6767afc	0.001027024339726327	0.0026796578169902972	0.9962933178432833	185	
108804321a9f6ea30c9991d5b34274b0cabf20db29a20a3d4797dd73d5a4a148	0.0011811106088008324	0.00023383854886509914	0.9985850508423341	122	
47c86198d8fdbf2fe00cd7cd0cba338a0077bed715d07e75d6675e36b1f1dc44	0.0014078074286996837	0.000296791961514463	0.9982954006097857	108	
1c312c5609771063b222bb1a4e39e5eb68dc5924e5a75d53ba84e21265b8d6dc	0.0008479878870676129	0.0001864244802672214	0.9989655876326651	103	
a3d6b5a43dcc04669e8ad3e80a20622abe790f6bb6d0c5fa5d88490dfdc1ea5e	0.0038089224849649607	0.0013798642806150277	0.9948112132344199	130	
423bcc285e3fce9df1b951944f4995a99a99019c7140913834210fadf8497cd9	0.00922935292222975	0.0015746931883443636	0.9891959538894259	116	
860b22dc47f8f2c9f688e26f890016de22bc1e208c84b03d68d2704a26d54a8e	0.005563008885258719	0.00047674801869559806	0.9939602430960456	111	
6eee88ae0e50c4371d3d2ec839e09331fb7988c1add17baeb7904a55c0fdbd48	0.0008573145093909226	0.0011896854000118288	0.9979530000905973	135	
2a8e7153b1a63a15b1c63ed3866c8fdc82b132a1b8d67401835fac03b3ce92c2	0.0013101264878234797	0.0004611196555889974	0.9982287538565876	121	
c57d20f558219c2ca8aaf8e802df394037701467016968656d32f7d3d40d8308	0.0011928044369318587	0.0018009585771712568	0.9970062369858969	116	
0de48b89eff6171d520d90ab144400b64c9f832e852700f9abf4f5c939574426	0.0049284054579803544	0.0004311850623314235	0.9946404094796881	204	
3f24f68a319cccf2802ec7e4ff8c6d2080a4b2ea30e365d72c0db71de29a2f29	0.006830253377357319	0.00014725331277386103	0.9930224933098687	190	
7fb1c428c9d38a5561a062da72772b5affb60b2491f37a1a27e17aa53641f43a	0.002918103683072815	0.00014270853743996603	0.9969391877794872	185	
a8a5c13eecf1b728ba16099a0b480a7e02bfcd51f4570848721285869ae9623f	0.0008925717480907571	0.9942069544173063	0.004900473834602799	140	
2eb7fd637c62cf077f99be1b19502cd4e3b49e4d9beddbde0581a93ef94be75c	0.006237369732227951	0.8912848638305096	0.10247776643726232	127	
c94c2cc29f2459750e0a3bb0a44fc82d41f0628e788a23079d2c6882cb5614fd	0.0030816371379166125	0.9867796303782143	0.010138732483869041	103	
1a9031dd82beda67fc76d8f4ccb1b9af79df9d36085a1b2673497ebde277d0e6	0.08786115995794183	0.10539526785460204	0.8067435721874562	200	
64362299524c1748230d201bbf5f78ade2ea4e75dcc7ef852fd7a91fe26533da	0.5688243841696572	0.16275734087220686	0.2684182749581359	187	
a64ea89d6ac3a79e015bab451fc81b87b7f803edaa859b44fb5b1882e098c50b	0.26956975224059504	0.1359711307952341	0.5944591169641709	163	
5128d0075ec24fdf3e03a4371938c83c77ee9635082b862391077233bf779737	0.00301515354144994	0.0016741969188967054	0.9953106495396533	222	
7ba2404d60f453dd14539a2a930361b792cb30f8e4c3f9f33b9587f6bbb9ffc8	0.0012812320784360745	0.0008527307746898875	0.9978660371468739	209	
5076ad3a54a76681e732ff5d849229dc4eb697a36ca55048ff4588b55bad879c	0.002879781447819445	0.002016595780193993	0.9951036227719866	185	
592251c5b9f3ecda4b45c4b5e543f112361f938af079de6c2d7f22996a4219ff	0.0015043808356564013	0.0007532325427802163	0.9977423866215633	140	
f6b9b2c8daf0cb9169f79a047593601ee9491784220b1d40ad78f7c5d8e4cd36	0.0007726341597999114	0.0003156790932231367	0.9989116867469771	127	
e3455c5b718b43599413b2e2629cba7db14384d7ea79dc68178b03b4d5b396a5	0.0012253691639135926	0.00041674946759095554	0.9983578813684953	103	
7de146d0e6df3ac536f7408049e1f4fb9fccd990179b9caccf6d28bcb6213383	0.0007806529127655143	0.0007725389434961734	0.9984468081437383	148	
2d31c34810e19623a50d4848d42f5c4ac0c897e6c0a6f60fb294cef6dd733650	0.0011406025039592197	0.9918558078777762	0.0070035896182646246	135	
fb20d6c8398cf32375f84aeb0aebd6caae83cbe55619c0d052af6655b76ff424	0.0017967046416487015	0.0004634291264984526	0.9977398662318527	111	
6deda49315235e0c938f5e1ca2f8ed61482831a1e2d452b616f4343dddd8866f	0.0023608812539043815	0.0006602732059099619	0.9969788455401858	153	
5c79097303520b2fcc9e8269588b1538d922031ed1fcb16f6288cfabafb81eea	0.0013812314586962096	0.0005795823491791601	0.9980391861921246	140	
a69f3081f46760c48f593640cfc792a4bbbd47922e1785c792ed89212d1f8cf7	0.0015776124177400356	0.0005280633768595153	0.9978943242054005	116	
def3d05e0d11c1512620067e5fb02448e6ba7c75f2f94e205b5e346eb0ef962d	0.005194039860209963	0.04204494645278326	0.9527610136870068	222	
bb748b61c0ebbe35b361b551fd4eb46e40df9f0935fe3daf6d04c7f17675d523	0.002250040630097153	0.00021110308823032924	0.9975388562816724	209	
57fd656681bcd08d49bd173acb26355b669370a48835187cd5358c3b008cd613	0.002112115773081858	0.009835967007168097	0.98805191721975	185	
46cafab6610fe3c86decf569b3da15c4a45a037bb6a80d2af4a6034a964332d1	0.0047999303848848505	0.13359626240192182	0.8616038072131933	198	
de497bea1489bf27b63b975a87497dda080cd6c347fe422c75e346e79b941950	0.15144015655208012	0.217589066611051	0.6309707768368689	179	
2e873d305fb30bbc4d5a908639a6483bd350b9ba55d110d3bcb3633234857074	0.0005549033182869048	0.0017438280172610333	0.9977012686644522	220	
5080db6529311afebbc498e123971bcba3e444f8cb0355b4f481cbd2fa829d80	0.0009016539217267234	0.0011228209060220472	0.9979755251722512	201	
2b6849a69ddd7ca287fbb053ef126429abac54986fd968044e1c358a5e63c17c	0.0012130365169751621	0.0006135736326439278	0.9981733898503808	138	
ade0aec1e10a3f18eb1250d1d949cc1ddca3c6f1b143c390bea74592ab8cff18	0.0005549829162166536	0.000423024891374423	0.9990219921924088	119	
11f8c55f8524f5d24fe34fb55a99b5682541fac9dea78f547bbaeaf0b82448e9	0.018444949736548165	0.02586135209411892	0.9556936981693328	146	
4d5f8ad15ea040c34bf746b9c4421f3f8ced94274ffff57aad7840497cc3f6c8	0.04078654251762662	0.003712545212654953	0.9555009122697184	127	
91c828411bef1879956ff8d8628952173eb5a2ecf546daead6b8b3bae1909ba7	0.0016889856350750267	0.001213087560861475	0.9970979268040634	151	
05c428433b3433282e677ffbb77da8481863738e9da9ed9de0544568e89e9364	0.0025186712505152324	0.0018417571211162018	0.9956395716283686	132	
a3b5985c85a973a5ecb873ba741249ab13527c1eba1f067e0b3827f2a4b54670	0.005304686822762259	0.0004941313250101646	0.9942011818522276	220	
6ac466d020f5014a5b10112036fdfd9aa901f0c9a92e8482eaa74e5a5bb8a53a	0.004838557385194523	0.00023518103368205595	0.9949262615811235	201	
4a5b327aa49f5d381d1762287eaca4a996b65cf3e33d6192a923064cbb952339	0.0006992079586893376	0.0013265426577623045	0.9979742493835483	250	
049f7b4215423f4999b12961589f937a4e75089dfc6bd622ee57f09403f422f9	0.0014728051722974658	0.0011534227091316207	0.997373772118571	209	
a381d67bfc9deb7d7190ce63e37dc35b585e1d1b0a4bd62c27f15a407942ba67	0.0037808261340796924	0.0013839517880253516	0.9948352220778949	182	
a21d30ccba696ac27adaaa4c6f5b07c1da9827352bf84107071866b299b22e6b	0.0015784200527883588	0.0011446575568956018	0.997276922390316	181	
79e346e5e875d1b33a8c4629dc62b4b0fd06e2f93d15444e77bddaefcb5ba6fe	0.4950305094060646	0.010025249558110695	0.4949442410358247	240	
5ac877c320f15ab48c12bff333abd25bbb1c6fb0a5065f97ad385c88bef24e18	0.7334002927569385	0.019414477177746088	0.2471852300653153	199	
cf06a9ebb2066487a92538a5110168660ede94cdce6ee4f8b6dc6c1f9ecccf44	0.8510873819256016	0.019738645297133477	0.12917397277726494	172	
a5a3247ce16ae4cd833cefb78beb4f10d99eb17ffd83968677a99ced451b6710	0.057724720110107715	0.013675660528566627	0.9285996193613256	171	
e4e22bb689b590be5b71ff5e36f19bf29c3a6ff88162f40f55eee3c628ac4181	0.004667353959645701	0.00044443205489673644	0.9948882139854576	262	
86cf4fdf26dadc5c0041f0f10d59a6a0e29854a1b4acb55ae6b88eadf2a47cbc	0.0032366726200555554	0.0007748329574999909	0.9959884944224444	221	
84c0c5793dbaccdfecb6d34489ef67bbd0e59e2346c3a8cb1bc7806aa87e250a	0.002257473623932048	0.0005809144897618498	0.9971616118863061	194	
e6a8f83cf3f9f5b6f996d26799741958d5da8d19a66a377e6f2966b550c0c826	0.004447869825395543	0.0016305953831423179	0.9939215347914621	193	
e92258bf3aca05ea550273277905da64510f671cbd3e10f88075ce262f77d401	0.001865520875389143	0.00025332376426632743	0.9978811553603445	180	
07699477b6770a111764a5dd1b983afeb0db672ccf80da70695182a25898d39a	0.0019053906906836174	0.00035464918060601827	0.9977399601287104	139	
1d03f77b93a5e37e0abe870a597e61f74c21f6963b69316b97c0de73d15183d6	0.0018676722340891523	0.00034034444139304486	0.9977919833245179	112	
f837ce951b3bda85dad97549fa1f8c7d66bb85cea49633fc5c11711562b5308a	0.0019928099625506194	0.0002520896743287219	0.9977551003631207	111	
b463273c6dc42067dbd4f07b37045ccd165d720bd58b40738fd5f3fc97a54617	0.042768261228161165	0.0004890674962432124	0.9567426712755958	188	
0247648b93c402cfbf3b8c815c0b19eca1a74158c4528e5d0606af6d7b4f6dda	0.7524774868240203	0.0006066359157378281	0.24691587726024178	147	
e781d11a6c0e6aef8eecef709e82647f19cb181ba6d77274257e580b71d69fc8	0.060341232630712366	0.050014597517288796	0.8896441698519988	120	
e08cb187b35f62e3caa609e0f2eab3b92592e21c68757a9d600f99e6a3759fc1	0.005886019550059578	0.0004296479680745993	0.9936843324818657	119	
7a271708a36d4dd976391087f6cbb2a765fb70972ea449b0f9a204b09cfda23f	0.0026460910020666465	0.0007381859064253177	0.996615723091508	193	
f2daa6e1ab26b13e03b6e1c47689d39f0a00d9fe6d98fd7ea28995ab6151fc8b	0.002572144303924055	0.0019307628952181534	0.9954970928008577	152	
a791d685701aed915e535bf12f905da955cb1245b5ad478fe02cdda44ee2541a	0.0026515275080130503	0.0006595540396331917	0.9966889184523539	125	
8c796b0d5353560cab1c7c02e9e5c55d258bcf2138dd16b3b646f48b7fddf868	0.003442546962516092	0.00043586500555445584	0.9961215880319294	124	
78e3c52635cd91d30caea689471b560b33410aeda949d0081606f3d4acd665df	0.0058356078869259255	0.0026921216000662784	0.9914722705130078	262	
fbf04158a8337faa76fb18b57eb211c0638bca8b71b5741c72f6bb957894f5f1	0.027075296523781805	0.003494212267217969	0.9694304912090002	221	
df5141ba2ab2a876e766670420cd742182c51a4c34bae4d5bdf5bb294c47890c	0.35647841282980647	0.0034974924901653853	0.6400240946800282	194	
a035c1718a1755973014a22060d4db5886e9960058789c67fc05dc87012e9f0c	0.002918432509457091	0.001211083334477728	0.9958704841560653	193	
6cab60f10efb1b75ad5cb643c5d718458221ee46bc6241c982cb3d343f2250a1	0.00041673545425970754	0.9972476180145963	0.002335646531144111	91	
7f128b29960f5d416ed890f9095fbe5924dfe3cbe7c0058945ef11f5981b837d	0.0001540413632401432	0.9910319662089818	0.008813992427778009	195	
83d1585ab337d3c4d6e5318e282b010425e3cb500934bb8f1a362ef8f9e8fbda	0.0012216918985006146	0.0007192962774274205	0.9980590118240719	227	
4e5fa436645493b16084747fb9cc6e5a2ebd42e1fbedaa42ab55bc6259fc5005	0.0006674766566484518	0.0007812008669319528	0.9985513224764195	154	
f46f1f8ec35b4f1341a29a9ce93722f9b442ac6e7016a45fa63b36e69c1fe4bd	0.009717219094857477	0.4420269008946432	0.5482558800104994	128	
299cac48dc619101dcf37814fe2052fe2dd64ce982028e987cbb974d7161b4aa	0.0013047403574462985	0.0004957712588519509	0.9981994883837018	122	
7bb8122b2b11060d605757d9b1bc750f21748835304b31b56b46b52b1ccc4362	0.001024096373813888	0.8263610044759724	0.1726148991502136	92	
8d7b363791ca9ae559e65eb3887bf7a0a65bb3832b6f89b70184d3712b90ec13	0.00019033274870770066	0.9946210033753035	0.0051886638759889156	311	
2f9b78d18805fe03a15362363d993511bb18abcf95c8a92df70dbd402edac60b	0.0009048625154063251	0.8340545381017742	0.1650405993828194	257	
b63806dc147390281bee3c575b9f1e3972e3e79cbf357fcb4797462bcd1347c4	0.0005611313110758676	0.9956151454816069	0.0038237232073173684	240	
ecd53d9b14d249553f85801fdc0a0e62a016f29787964631119a9921c282d414	0.00044180189258085604	0.993786614211611	0.005771583895808034	240	
c9887be541862e275bcf717d55e06c361114fec45c546b6096e8ceb6ab855344	0.00011206402063434835	0.995694474098623	0.004193461880742693	254	
8e976520617a2e91dd8b6dd21688a67245ce0e154da1a57919b0b7db6cf0a382	0.00041630667128641596	0.41021535789481245	0.5893683354339011	200	
c2314d6ed963b2ef8493ed5898d548957e25e5cfface20a719ebf6cda403b9dd	0.00022171065801050163	0.9831866151426878	0.016591674199301683	183	
945f618a4906587b34e4d9f3732903c0861e539f3ae7a21deaed1dad9b3b05a4	0.000851211313141282	0.9274242176204098	0.07172457106644894	183	
bbd4ce3c9550dd1f3d2a4defaba8a1cea97f19f48d695ff7b29158007ff0e7f8	0.0005892486437341596	0.19830422365617226	0.8011065277000936	286	
27e5b60afac332c2e7f35eef6ce5fb1de9c5021aef3e10ef0aabad7ecec3c18a	0.0015164673709537413	0.012762371655824264	0.985721160973222	232	
e9055773969284dbe4c08ede4181c59ee2f59fe47be4dd915ded5adb3cd033fb	0.0019639110296453223	0.0010132703414199246	0.9970228186289346	215	
2c8919b146b2b65a763006889c4f43414268f4fc50b7b501b25587c9872be6ab	0.0006685908169412605	0.002589385601270231	0.9967420235817885	215	
bb4334f5e9d508bc0c63eceea3a386cc98aaa5aa70ad6a1b5dd0ebc9da44e37d	0.00039671414313048234	0.167196973693665	0.8324063121632045	213	
9c97d2409f640b6d9bee1ca668ef6515447b04e4427894a5d0b99641cbf220ee	0.00034391473767160936	0.0027526869291962827	0.9969033983331322	159	
138b750304e9fd97277c5faf389db6133c0a3b8652cd2f68bbc0412c1cff2281	0.0006039458809752371	0.00034526111827579327	0.999050793000749	142	
61c8d04c90e0255e6df9dadf48d40b9ee05f1ef744f5af76cfff404b53c69890	0.0031552951274978025	0.0012578945705383096	0.9955868103019639	142	
0f4e0dfca80bc9d8da935a2b3f3867a4b6c9fff3d3f67d170f1ae3030933f52a	0.00037493133085097434	0.08574234672880013	0.9138827219403488	187	
2d68cb6b528b369fb9dab69d6993686b3e3b15768ff7b11ab83f0c8b88b89cad	0.0008071450911785714	0.9687984494396026	0.030394405469218736	133	
e22c81fecca4520b4aaf6d908969e3254e2ca4ff16504967eea4a39a50c07e98	0.0019477224952179088	0.0007684121982652018	0.9972838653065169	116	
f140e0a1b752ee5c60865e62bfdec58ab976934edae6621084da0750f14c5130	0.003662955870354626	0.6808185687193724	0.315518475410273	116	
8337057d9c6b03f18b131df9dffee9dcfa21c38635dacc34751528b9dd1edc4c	0.00023350874207843844	0.0415089675976272	0.9582575236602944	181	
1f44c5f4290837b60cb4de1116b84b8aa0cce9a9f2ecac12339cea5fb7167f45	0.0006497368959420686	0.016279716158927548	0.9830705469451303	127	
87c6773e62157f8e4d4fe94ebd3ec935a0253b8b4e1cb05a68ab9aae6596ae8d	0.0010625139064954774	0.0032192570033035446	0.995718229090201	110	
d5a09285348a555194036b864e14b0f67e2974c191d6db68875c0a8f6e070b3c	0.0002484552286831965	0.0014604850393311823	0.9982910597319856	110	
48eda7e39e2144d8f72024f5977f75c19eb9ba7fda7f9af2f3acc5fe323643f9	0.00013926706952191868	0.9981541073892513	0.0017066255412267778	151	
2c94286e87f12b8021b13252ef7a0f77cefadebb3e30bf53d64647f2fdc245d3	0.004013079269416023	0.20343465804163963	0.7925522626889444	97	
08fb7608fae655b43c9372c2f8c4f13d8b6eedee5c3620a5b45863d158bd1806	0.0003826094314344633	0.9907335230087543	0.008883867559811322	80	
ca4d77f9cacb30aa5c201463faf8b55f746b993eca6c4b6b1800a955ffd0d3a3	0.0024004885202080868	0.9910155291106749	0.006583982369117038	80	
39b9c00a2f3156f6e3665434b17165f5daa4ab10be7af5ad1bdf7cb5df7907a7	0.002166285544305919	0.0028045082325441326	0.9950292062231498	96	
f76271e5587d2f8afb8a792b061537680c518d0f397ed982616456c424b98737	0.00018979145697084392	0.010716909238686779	0.9890932993043424	200	
ea0c7f024880c3cb91b5cdf9d6eae904e2b9c9b9dfc5b37e3a6ef4813031d2b7	0.013802503317518205	0.6744115257804106	0.31178597090207116	232	
9ccd013e785f90871f5ec83f39d54837c73ec44e99b1248feb524f9e8d0f5fd9	0.0006623580953183648	0.00040082461321956853	0.9989368172914621	159	
6587ed878eae329546e90bcf83d991d5901e08f4aa0096d0bd9937f894b8e47f	0.003899739355749922	0.9802392348293739	0.015861025814876122	133	
a10b014d2ae9f03546bec08cf98f0cd96ea2934d40e07ffd289ec5eef78d0960	0.001210750311963294	0.00018464761179671384	0.99860460207624	127	
10978bded928f378f2dea2871900c5036940313948011004f65fbce7d231ee7b	0.0010648199124856893	0.007314726158188398	0.9916204539293259	97	
0e9353e07ec6b9adb403b761b38a9fc9c9bf7d6ef92cc78e86b4adc82f770a60	0.00035937187105866296	0.9926712646309688	0.006969363497972529	265	
ab9fe0d304429dc6ecc4d891cf4d92b54a25dd5b41137c639241a3318c7d4702	0.0001701756864454619	0.005805954328602589	0.9940238699849521	208	
562b10214153db42727ed7a0e440ab053ea7ff966c7341ac171e883fc0d69609	0.0011411785211826507	0.0005374134171735641	0.9983214080616438	240	
99af9945dfb63cda4d49edf7b3eb232a2f5cc31dc63bb65a9035c0682f53998c	0.0005525598899242992	0.00035832567878101056	0.9990891144312947	167	
e83cbe6c07d69b6d79651c35905a56f296ffd5f2deaa8e341e36dfa72443f934	0.0016456647826267972	0.0013803909443239868	0.9969739442730491	141	
a07cbe1ae951c655e474d89559c7b57bba4f7242ecd4b7dc162937ccda633671	0.0006624918080074197	0.0018161420674821212	0.9975213661245104	135	
89ec4aeb8242d95f7dd8bc21ce0e0ce35c5782427b2879f69c06d8b813bb61df	0.00023557286788609597	0.0004912614878605299	0.9992731656442534	105	
1c934ee6d6b93486517e23a121583e258a71c1b487ec1dd4466d1dd963f790de	0.002307632530971701	0.9870048617822956	0.010687505686732811	183	
61b18b4a896e8929dd38a9a84d956fe9d8211bc279889e9dc390250035e5eb5a	0.0028363781487967944	0.9837422126311263	0.013421409220076789	150	
683ed3f8c00ebbdaab302b7b6150da0078a5e35e33735160ca0d6a09a443f99f	0.006044585828268015	0.9713797900844886	0.022575624087243243	149	
64f22336e0acc1fb16eeb2cf0177aa3bf8f0fe3f6d62f2fdb19234f2cd8960c6	0.008451080016762771	0.020058198012821188	0.9714907219704161	238	
64853bb8d828aab30a8db36801f054d8928e59a7547178c838828042b84ddf33	0.00282108092504161	0.003953902492930297	0.9932250165820281	205	
b53b1b16575fcb5b889409625465a9ea91f4c1c234732a782dbf82ff32bfa7da	0.005414566637052865	0.006822996790269581	0.9877624365726775	204	
c598ef7e7c44f0b238432d194db5fba4c204e23041a1935adb5ec5ad637d279f	0.8898256594229115	0.004660152214004845	0.1055141883630838	129	
98d6176d9227d3422d6c0a57b2b5ca038c2228bba54670985d04cc9b0e11c660	0.005744088081179321	0.002943427678209965	0.9913124842406106	96	
7edcb3f7955844d1d5418f98e79a2b62e34aca4fe29d97c5d7a768a3c14f693d	0.007492807118413062	0.0019445315077623547	0.9905626613738246	95	
b727081732222c40fdb6e5e31f8a0f363c6115c8ae4d6d6d6aae847c1cac052a	0.9684999598648082	0.004843423201985162	0.026656616933206683	163	
38196a9ad02fe5a8c5325019d6b23cc91766ff369ea8b6f94fda5d1c9e982b88	0.02744750142024874	0.02696420577729725	0.945588292802454	130	
58c2388981393dd2cf0e1f10b214275999097c47e561769dcefe524c67940682	0.37321459273798385	0.005216497089683368	0.6215689101723327	129	
74fa824c8adcc2265e40c5dc43a36d2b9838599f05b2b67afebdd19bb016e8f4	0.9877235170525736	0.0006677024525252167	0.011608780494901313	121	
faec5915f65a6f391e179d8cfafc892cac9feba708f522e7582f038d192db884	0.006859792601897888	0.0008551964951748985	0.9922850109029272	88	
ba1d0817b09cb0d16ead0f4d72e4bf9da4d0564629f0554acf9cf892c8cbaa6b	0.22307783516038232	0.001091365059833038	0.7758307997797846	87	
bc1fc92b016e4d5dd126a0534b4bf7224f9091e9318182ca8e87607728bbfe20	0.017658225844221147	0.03129013786454354	0.9510516362912352	174	
93bd0c678e8d42ac45f1ebb944cd7ef6236cf7a4b9f3102c2acc31e83aaadd47	0.0007479720997467098	0.016854083534037872	0.9823979443662154	141	
d3d0701c842f61f68894c703c1db969c3152002ad0a634931eed84bb39019066	0.0010474695357978578	0.005329867408982684	0.9936226630552194	140	
b5aef54c5fe7c52cf3fe81af9ee74c4fd5f88d0746356d5cde988550a80baf6e	0.4530675784099219	0.0045513266382806285	0.5423810949517974	154	
ede84bc4a1caa911f07c78304231506e8415ed82774ba24e89ffacb7a977fb96	0.00264740022939517	0.0004710165355193671	0.9968815832350856	121	
5d3ade412575262ca944d1e519a1c2b3ba562cfa53c3616895dc38a1c54331fd	0.004384451120151682	0.00036805671079913235	0.9952474921690491	120	
59b27048e2c4f77d80cceba198c92038a3c59cb9f3ddca13adec5b31685494ac	6.190890393542401e-05	0.0018327045188856357	0.998105386577179	103	
2b17146cc7d017e4f8528e077887f6332e18629635c372c2a3bd60fefcfb6b76	3.945866268498846e-05	0.008770240284382632	0.9911903010529324	73	
59d6cbe586ecc5ff13a4dabaf947af2c319ea648024bce480387910381d3286d	0.00011644404158346825	0.029235506698599187	0.9706480492598173	71	
36d8fcd98b9f23421313969b96b761d1b5270e0394145c8fc2c9363c7055171b	0.0007210517498624107	0.00049059672979394	0.9987883515203436	230	
950a8e5b33e3033c485bfd14823c8cf33f9e6da88fe4430b8c113fcc268b4afd	0.0026521328993122143	0.0005760065520205526	0.9967718605486672	200	
d924576995686130272976219edb7040402674a1276e56bf76d6a82171d9fd51	0.004121324965712482	0.000480646205003365	0.9953980288292841	198	
a4546fc3e7411470d759a8086777be3facb432a4c195d942e47aba374d062e89	0.0003931858672820177	0.0004979687755202082	0.9991088453571977	121	
a8cb9ad649ccff0b87513cb89fc4d7ea9de995b9592f6ed0b8bf2814901acb33	0.0010585602300704118	0.00036223101909197607	0.9985792087508377	91	
64fb80ebc5e5d988a403d0d47f727ace4b095b03bd1e17ad2aca040dc4d43fd5	0.0020840282325905587	0.00022202717403889914	0.9976939445933706	89	
840788311e6744c7a02bec89316a3c47d7a73d8c1b95058c9a922a0197ba3af9	0.00020959995323375426	0.00136805636170449	0.9984223436850619	155	
66aac6b65d8547bbfa4444bf2fb5f5ea2fee76bcb7810c9d5df55b895a084368	0.00048100746239002995	0.0010804461367238485	0.9984385464008861	125	
ca413cf7e5bb59dc89434e98b8ddad60d924f7d73c145334b55a6e6cfb942ca1	0.00047671409974172095	0.00016449963412247306	0.9993587862661357	123	
cd7c5a8dff629ad9bc460dc7df395a3f5efd0c47b060af9ff4a4f953e93b14bc	0.0001428214609541328	0.001171925239296195	0.9986852532997496	113	
b5c7c2489140a2e9df677fb876bea2e91bf310ae78bb9f26e02d1ccf0ad4345f	0.00018919591059329702	0.00038220410501025757	0.9994285999843965	83	
54c47a04782c1172b7b051118f87082d0de26d9214c620ced2fba4e349cd2c88	0.0003246522516515629	0.000137626150056309	0.9995377215982922	81	
788ea3a18cb983437174f30abe3faf0633d0e3b9211165823d6b16d319e85843	0.17588939859458286	0.04257445883976564	0.7815361425656516	166	
1518970fcd1d036d5afd848fef4b53f4a02799c29e97bdb2ad22fbd05e035d63	0.9317979604011103	0.02663778348439758	0.04156425611449212	136	
3fd3958b27c634514ef3c7ac7e9c0746c3510eebd0fce848628e9a0b717535f1	0.0017132489053706807	0.321491873907245	0.6767948771873843	134	
f7db93af593eb7e4438c56968970857b13ef98ef11b32c2e993a51fb4b0be2cb	0.00033117174661815234	0.0007630812546588255	0.998905746998723	146	
8a17ae21411175cbbaa0f6a7361201b0ebfa605086c2ab11fe6e0543573dffb4	0.0006862189866318494	0.0003692594327915351	0.9989445215805766	116	
7fac2ac7b8719a24ce68ef8e857e55a1c0cb68fc85a361b67a9e518ec4cdc2c6	0.000885570146226705	0.00021402035741517687	0.9989004094963583	114	
37293192b89ca7606bd3fcc271ec41a946cf5d81843e436dcb09fd12145c271a	0.0009843810296239974	0.980825832371515	0.018189786598861068	35	
2138a0a2bea997c34331e3bc7b32fb3c492a68ccd98a64c048f80e500c27f227	0.0037635592746544967	0.006044570433010627	0.9901918702923348	182	
d849ecdeeda1099a8dc5bb9eff86e8b956b7879420c847bdddead381a9560ddf	0.31211956751814823	0.0032436728059957723	0.684636759675856	73	
71e3c1361ed80d80c20ede1535673710a9f3d1ff6c574b3c5e9037cce719ceb4	0.22394092901447568	0.017184397997734732	0.7588746729877895	107	
4c18e7d765d0a03744366349fb74168bc2e107625abee42daa7dacf837fc8a11	0.9990714623221671	3.253113007754079e-05	0.0008960065477552827	65	
a0b863a7363c8d0265c63e766836beb93b2cf21a07e450b75c31ed72bb14605f	0.04804971594786102	0.012920381987583001	0.9390299020645559	118	
0fc3c5787396c34994990bddcd2b67a8ac3a17216a1456234a4d2fddc0e604f2	0.2039826048655472	0.0009189683658143474	0.7950984267686384	98	
1b5eeafa7003a981248572f7a5d6f9c3a8a1f4db27eb50b6adaba2a94a9c1847	0.0017254334805525177	0.9926034380202498	0.005671128499197618	74	
f3704d1c886541af2562f44762946845542423749bf00086dce6f8ac44aa264b	0.002339167568909015	0.0011299902180878525	0.9965308422130033	204	
23ce236a1ba8868d140b99310777ee96f161adb6561e615dd73a20daab76e35e	0.0027093348059547763	0.0017879698105886957	0.9955026953834566	95	
7c0332fb8e09a1aba8a0a8d7f95ded21d21f5c514a27619b8697d62977aa0f51	0.004301237012173654	0.01100709780332022	0.9846916651845061	129	
7881f43353bf8aaaad8d775a305cef2b497277d0210157bd5bcb2de3395c33b8	0.0006718369149598111	0.11344730951817958	0.8858808535668605	87	
13d4c906a5497dd58b85657ca9886c706802faab5159390e03cab69385d4673f	0.0004921396483823866	0.9841587798142397	0.015349080537377829	140	
b760be346cee71cfcb5a336d4211a9b41536b031456007b8f32b7863d67ac5ac	0.0015123218635518354	0.002396755552808217	0.9960909225836398	120	
f2fdf8803c268253ccb1f7066adaa2917496da8b79e175bac92cc8936ff2e914	0.004477310614866047	0.9811675453182629	0.014355144066871071	157	
ec067e1d0b970a417404600ce6adcae5bf3bffe375d7fe6ef9df65c5385c4531	0.0022928898722719103	0.9884060334337166	0.009301076694011392	138	
5f0d7340d7a6bd60fd72882f87fa25a948edd1ea55ca0faff8c93f88b0bb3a9f	0.010534945534179664	0.9744639156114349	0.015001138854385464	113	
e1c1cde43e5e86905005d814e7ebf5f9130e0faa6e9168adbabe06354038a644	0.037464128839305645	0.9281224275013285	0.034413443659365724	117	
f0eef1fccf075392d5dba426f7496a85a37c27c7494fb2b2a471090ebacdf26d	0.002851718379175133	0.975815195663809	0.02133308595701587	98	
60002a111183fd771fd037593bca064f3199db10b54db0e88c99ee38fec50f93	0.026519724799997292	0.01572730644501718	0.9577529687549856	73	
d3647d4814067a7dde44f6dc7b331199562b982568cd8988f05b98b4e40998a1	0.03591958520792058	0.2488870120736048	0.7151934027184746	194	
3a9e9801e451c6b77d224b8079c7225d2033ccacdde4b5ef370fd7b4ffc0e931	0.0008075078839616877	0.001082344039542012	0.9981101480764963	175	
9c0ddaa3194186e7fb622fa6f53495eaf789d082eb7966923e2e172abdb83e91	0.0035218440682593982	0.003269324395975884	0.9932088315357648	150	
7f0b8c4103b86aee4d823912ccc36581b45f9174d36b8800f832cfddeb27388d	0.02094960201805592	0.5854785326012185	0.3935718653807255	180	
92796cbef17ef7a17ba14f8ce26bdb84e235071b9cb983da82e6051b616da8ea	0.0005917369955865678	0.00852779668518127	0.9908804663192321	161	
79ec3bf979b9b2d82407a0dda3caabbb16b8e15d20df14e5b25bb48b4d7e554d	0.0025501794084926196	0.018841642525333734	0.9786081780661736	136	
21f4a6b3e295e96339654ff5b9875ad4907b9b2269ad790e81ca47b5842a4e93	0.009028783462146228	0.971816228276152	0.0191549882617017	159	
760ac7e15ccd399b559e3602eda8164c3db4ec0a8c6457156176c80d015338dc	0.006485116570918832	0.9366266736043815	0.05688820982469974	140	
f30e86a92ad292fe8f0a3c1d7a9587de3d79c27796ebd91afa27eedda518c318	0.028248887269071415	0.5362636229731266	0.435487489757802	115	
152e211380a87bb73d4b0d61e188231546498c9c022231b2bea531ad98509b34	0.5774887322446122	0.2590710034880408	0.16344026426734717	170	
df5839ec8d6502b1cd61b0a194865024968bd09d4f1b1ef82f7e2f6a6bc9c4d0	0.021618044155429776	0.018337326832015062	0.960044629012555	151	
e338f365f170b2b19ffed4bd65ddef54d30615498a33e4d02e4d665293ad0e4f	0.2518526998231998	0.05406807671080367	0.6940792234659966	126	
1ad6746f8194ac9a9ba463dee525154e1e3ca073d805716317fe99818fd77d5a	0.002939059505338943	0.9870704898451679	0.009990450649493238	194	
c2d028f486d01e5ded0f2e8f45a5c3d4610040f372adce6405e92b14f32ee825	0.9898473358267349	0.00023930294950460045	0.009913361223760702	106	
3e2655438489101e539eb75ccd98a64c480b186409ef0772977ba0bf40a2944d	0.0015845170348814264	0.9927101552327914	0.005705327732327281	146	
da31791404f621ebee77bcbba540ed98f61231a12d5bbccc2db58cfbdbdfdded	0.006857554599188666	0.0019079666929045789	0.9912344787079068	183	
8e9eefc4e2215048f69865436d9aa759efacf938bbcc8ca3f0cdf51315af56ea	0.0018298443571061597	0.0018059614244272427	0.9963641942184667	169	
aace960ac81344663a2cad63c035f5dbadaa8e25ff08c5a438b206f06d8bb000	0.9774069179492973	0.00265678549586572	0.019936296554836794	148	
2cd57f73147ed8c698e77753d4bad4b7454b1b5b57db9ea47763d0b4a584c4f6	0.9810631116571107	0.0008380202402265057	0.01809886810266275	159	
adbd2a4c2a3ecfb41649ea0056bad4050d218a8118b4a515f4715d4347895d3b	0.0003615342176200646	0.9941931789305217	0.005445286851858126	143	
8f7dfd080aa46e0d82b42f05acbb3454147c0a1c269208a38a80ae1950912bad	0.001391675073152766	0.0005298251397918367	0.9980784997870554	101	
c9cf5f5eef2e57225484c01628a7ac69ee41b7c36798411d77ef1a87c3121549	0.2401837865634058	0.0036803011857921	0.7561359122508021	141	
454a62a29cc6676237673717e497d0aaede139fd227b0bb7ba1274564a8a5b32	0.001717795211695023	0.0007927162751541387	0.9974894885131508	178	
bbf97a642ef45f8697edd67a9efef03a9c58a63799976c8cc466577df90b1276	0.0005502255664438112	0.003778619095513735	0.9956711553380425	164	
f661ec3b63fafc50a831b5b02724ca3d05a4449ef0f715ea25bfe185ea288679	0.008742677768409774	0.001502341897294599	0.9897549803342958	154	
de5d16d71c75c4132ff0179bbf8487e3a97d35a6704bb1f47a885d9cc9df46b7	0.0016891075296878038	0.00043406079848198393	0.9978768316718303	229	
c5c1e196a756bc58845d244fdbe736fdd7797fa9e91631cd70ba5d11637895e4	0.011588913829852898	0.0038914798789632067	0.9845196062911837	192	
060fd00d2ee8dea7ae9d1e61c7a4eae01e0a09d8266ab5ec4cb280e3cfb101bc	0.007471204107165954	0.0030169031991107934	0.9895118926937233	172	
1f76fce55d854a6bbe76bca79bfa104921a0e7fe74990f43fcc6337f1b9e5c7b	0.0054835193392400805	0.0002676742159624894	0.9942488064447974	177	
cc47640b3ba5fbb450a313ffc4296378555d5b43f4ab945013017cc26d05142a	0.9971651425687642	2.909863636516963e-05	0.002805758794870787	165	
af2b1c3e6886bdc2234b20080c88fec3c64a8c7552cfc029068f245cf39c838a	0.9990662515048214	4.2747318495503275e-05	0.000891001176683005	128	
4afe466e175f0645c1b4c37049eb59fa6c57fb7005cd42b0027009289e3acba4	0.9997920972654425	1.728865854363171e-05	0.00019061407601386144	108	
bf5f5f35a7b12488f3f8ee4afda044b2ee7ecbf16a4fae0125e3c06a2d36af10	0.9298837443842067	0.00010338503592055108	0.07001287057987281	113	
3a4de6ff65d6786cb918c70adf9049a70d831c48ef93ad6088e114a3835a87e8	0.8298824381199932	0.000261805837981419	0.16985575604202524	239	
e19e3cea3fa289ba293e887c83e004fcdb581304cf67ad81ace8dfba8b59beb5	0.9960465009922881	6.344281135307655e-05	0.0038900561963587737	202	
bae2d7464f795945b6e887ac2d546a6f17a9822c87b986562ada8c8b0deb2c68	0.9995038662783007	2.5898860375913677e-05	0.0004702348613234249	182	
05f535e5c17ea552193967b94501907f4da77f80930b31938f3f3df47e2c9f3f	0.9416299558117169	5.769529764173797e-05	0.05831234889064135	187	
72dc57a3b03b4246dc1f099d8c037053ecc3008c71004807c30a58c48a55209f	0.00462386088937669	0.0006161038391176435	0.9947600352715057	170	
87f579b23127f9d98e24360774dbe85a326d40230ecc34f3f265b553b4215e7b	0.9929173765663893	0.0002256439653470711	0.006856979468263724	133	
e440641b2cbbbbb5fe94bba94baf498f94e11e463f93b9698fdf67b461eb69d2	0.9997482633256916	2.9973042825785177e-05	0.00022176363148265342	113	
f6fb59abeb349e11f4218cfd4c55491dcc2de33c0099fa76cbed06e0fdcf31c9	0.866787366947253	0.00021748945714639105	0.13299514359560055	118	
80e2064ae2d8da75d9e8bebe3253b66ba940165baf067f7db1d7be19eb735c9d	0.006124221121159992	0.007680843152748044	0.9861949357260918	235	
0bae24f39cc96b3a50d3a3c35edb235760b7fd3fbe76132297f5d93b21ea8bd7	0.9535418653433292	0.0002668754245480661	0.04619125923212267	198	
b595547406e23d0777eef543965c85a5c21509705321d6adf5e17510ecc1c170	0.6385298351873853	0.0012883141322988856	0.3601818506803159	178	
dad921f6b85f426262ff08a736a96166e361be51d25692b817cef59eb060da0a	0.003524014591265096	0.00034147852387710124	0.9961345068848578	183	
d5af33be9bed1efe9beef634c79ed33e6f62e704ec6958fb841834871167279c	0.0023512931151639096	0.0003877492514667129	0.9972609576333693	131	
2e6a365ce4a5ad32ac7ca5662e16dc6d515d241b08b655f6b8c2cd7ba057a3a5	0.9982813525134842	0.00013496565619630318	0.0015836818303196693	94	
6b25fc3d3b1add96da07e5e8cf49731e9d158e39e311da4924c56229243eed1f	0.9875063649228554	0.000263312140878802	0.012230322936265877	74	
2094598af3dc83c0dd5c797d2a56e3fc225c4cdcfc8d71e63d2400769340f035	0.1667497039798337	0.00019550661730439623	0.8330547894028618	79	
e932f2f690927fc7f150dafa731e1d4daac8dbfffb30971b48f0fa54552ea7a3	0.031443085684947546	0.0009421735080843555	0.9676147408069681	259	
e99efb0769d9d0c2deb618d1e363d2a6629b6c1064518571ed3134f6bc7f716e	0.0018769546070178935	0.00014188323883816456	0.9979811621541439	119	
60df2de37d47764fc5083875f598cfb215d4b6526deb6f84b968c9a5a496fdcf	0.008560075489706597	0.0005072744540557386	0.9909326500562375	193	
15166326ba41aeaa58504bd9f91de8114b82ed8c357ef2e14ca77a499a45fffa	0.42913236275735295	0.00040676401019379605	0.5704608732324532	124	
28caf8558c7fdc51c9d581ac4a262b1405c814d3e4082750e38ea0f7ca02527e	0.05667681647729091	0.002821739571633379	0.9405014439510757	183	
48228c454073550bee0ee8b4119707881a3dbb5c86e8be908a45428b535eb5e6	0.881299492171849	0.00012665546871163877	0.1185738523594392	189	
1611af65571aa1f598488993e628c7fa0fd58b39ecc171bdcc540d0d39a30042	0.9978384495911502	7.539599737009563e-05	0.0020861544114795737	85	
d79d28223c94e902ed7889f1113abf1297afcf10afb65266c022a18b6b076591	0.0036884458434815115	0.0029480493065092666	0.9933635048500091	170	
efa77a2fc981bbd5a87f2ccb2e2802a70588dbbbfbaa30a3556c07929e4641c9	0.985763090260053	0.00011155365666061169	0.014125356083286463	106	
4e5c51a99804ea8a7afe2e02bd317ef31ab085131e497ce882935bb63a7778bd	0.978930509288462	0.00011882916274105586	0.02095066154879698	180	
db748488198479f8745eb839d59564aae41100824e18eded61696399bda8840b	0.4678140030885579	0.0021903214070307913	0.5299956755044113	111	
e8e82ae2cdbdf31a5dd520954b158be884124cdf79a13e17d984592f9255842e	0.16838284461114442	0.0005236671457174034	0.8310934882431382	176	
16d3540cbe8c3410502d177ab718fa45d381d36fe4e73b5a8361211b5a799bff	0.978205814340821	0.0001902960757197327	0.021603889583459383	72	
b7177eda8f811640dbc0f2e22f9d564d353b16cd54817e1d40bd7461a7ca8d94	0.0002473483473146455	0.9942737782588594	0.005478873393825808	74	
e26658eece64176fbcf06a661d052ff505464263408fa87ce758013c0bb75912	0.003229150147258939	0.9867488699224978	0.010021979930243195	194	
0177e8f5facdbac71d3722cc763a0479b369ef5221d915caf1cb4e213a23fc94	0.0007549497820834824	0.0009714780712826103	0.998273572146634	196	
e611165da16fbcb079d7d3fe800e1a67884b9797ee10dbc8cbe42bbfcb2813d6	0.00031155294959730323	0.0002533602117010017	0.9994350868387016	236	
66a00572529081f79636645d80f9933547be7f3a6b9a01140e78990c47b24381	0.9559294847939794	0.0011527828768655895	0.04291773232915496	187	
c067d2bb6aefde0a07910edbec97b19fd00179aaf3f64e76e7e1b40dcdb86834	0.0055548818140794265	0.0009719819814867065	0.9934731362044339	206	
851b9763fceed153c1ddc58d5de49066a0f5a916867a08fe8abc4a03f601cd57	0.00202899578080424	0.0010690056763808984	0.9969019985428148	203	
18a6ccd4b1b19cc59eaaea362bca4221985f7c2f7b198f08697bb6ea9acd6e83	0.00014163090618454343	0.828460816710246	0.17139755238356963	191	
177b78bc3c59db42f45d2afaa7ca0bc38f447ba4b32cd5e1d917c1af7f7e89b4	0.011780807674820783	0.0033233687167098405	0.9848958236084694	223	
a68f3be7a50e00a3d7ce71a90c1bf99922bb477815fc046e7227e89555414771	0.22522087662725288	0.0033896809043605577	0.7713894424683866	225	
659e8b4412d0a89ef4e44fcf2d401c6531f225a70e6c7a74bf0241518fa92092	0.0011365543549439862	0.00039403982898221507	0.9984694058160737	265	
d46858d03485dd33fc1ed8356ab77be7caeeff9e29a09eedeba8e7221663999c	0.0035597246597304593	0.0011674637159787265	0.9952728116242907	216	
5377bcbcced85a215e2ef674d3b09edbe7981bfb263f3edf6e1a696a401d340b	0.00020136242676509826	0.8130866701871619	0.1867119673860731	235	
d0e774e354d195b8b959d2fecf336be21bcf187ac2c48c30e3949e4a3b573776	0.001407773281568071	0.0012346855231942422	0.9973575411952377	232	
6b5fc1f95e08a5fab21b1d0ad02f592c4c82104a9e4ba0b60a89b40ccd939c40	0.0004989660311620559	0.992257177889513	0.007243856079324951	79	
7cb187436340b539e1f8b8f74caf660aa8e6c9baea97e1cae93605997fc247a9	0.0024358823521593836	0.9871006506359965	0.010463467011844118	199	
4f463e5114808215596570129bd42b40f6cddaa361b9948187c07a353499096b	0.001092257931159765	0.0008368649182052748	0.9980708771506349	201	
7ee97b6a9da5edc4306d7fe97c037f4c4e3558ca117d09a5787b76e85e3e0dec	0.00037155700870302567	0.0002278227686440162	0.999400620222653	241	
73e14af6d486fd1e30c7dfac47b6ceb5e054ec2a115ea30ad281ba43106b5dc0	0.07332907966108686	0.0024578619455281107	0.9242130583933851	192	
f61e100238c6e3ddeed3d530814ca5c468d9b4501a286a11244dd7634d87d54d	0.003296795658610229	0.0008464216363166921	0.995856782705073	211	
bbd22d649876d18562228b7c695eb17aee7d3d867a1e8ad9f0de78c2d68c1861	0.0018382394934767733	0.0016223506996569405	0.9965394098068664	208	
cde3337a4151506db67929c3a9069a9423790d45d9210e0ea91faa5a7cc8ca39	0.0003102387510933826	0.9943711037482886	0.0053186575006179595	71	
6e4a82444702036952e68d02c0be8ffa79cb8b8f6b325f2cc4dd9978a9b6a22d	0.2219579838681404	0.0013616248590147706	0.7766803912728448	192	
4abfcf6f88f8d12404a9fe97758e06df4259fc4cdfb3159279d5c8fcd8e5d697	0.5301938575043628	0.00029852690687500594	0.46950761558876225	194	
6ced3102a023e2674daab52bc3012147861d1d1e8bf6924628b6a6ac36e8ea02	0.0008447772439243809	0.00018917558404193588	0.9989660471720337	234	
ef34906255ec3a97ca420dbd461a041a9a9566cccd6db0c1b38d597c9de91c49	0.0013109130308968308	0.986854833612377	0.0118342533567262	185	
dd759b00b4a51a8a3b1e93a84032a2c0332d6302135d411c77c894095f24d31a	0.0011916125319912194	0.00043684710379935575	0.9983715403642094	204	
f26ad48cc21779f90b0558d4b932ab6265cc36ecd2836997adaafcf331cf66b6	0.0006332720870963816	0.0004182730012666016	0.998948454911637	201	
fe93b6311a6fc6627319f6927dd765aa0a8d92c33d2695b2e36d31ecd139a7b0	0.0008886361859178247	0.9949046625869478	0.004206701227134506	167	
780cd1ff586ff5d4dd412926034e4ce984adfecd819a66898f7277c89f316c6e	0.3021952121123496	0.0640366276233474	0.633768160264303	198	
9d1a3e9818833085414bdf5031f8f9b07f147da392ee9b762c934431b617a0af	0.0017311946523930455	0.9917320613103979	0.006536744037208912	200	
fe25aa56c8ec58a4e136672ff5456755be48803deadcda6933b18bb689c4c45b	0.0014307640421225805	0.0004556931102525852	0.9981135428476248	240	
cfc8ea12821158851aae6191f17860fd58f7214f3add17cb0a4014aaa2860d9d	0.9935690587570609	0.0013464195903136631	0.00508452165262541	191	
282649c9794dbea0d116d9f4b387d4fa88f8cf2c1004663fb8f75595781f5673	0.01722527961127829	0.004492752610071467	0.9782819677786502	210	
074c0c2c78faebbb85de76ee5a1e4b864508bf6cef4c62f8189eb1a11002cacc	0.010196174071523824	0.0036716685374157234	0.9861321573910605	207	
3b092ea50449f764b27b0551cc54bb05d5e7081c06ffcc3744f99f476ea02b6e	0.0023458471279561386	0.09458468528543554	0.9030694675866082	116	
2309b6668fa1bda7635176e32b6dbed51a7eef286020327d8a23e6dfebcf497d	0.004381644765773848	0.0016017331954467067	0.9940166220387794	202	
f5944a7099da9542b2f01eb750a4a56973911c8fafc705181e8d1e6a116b700a	0.20663606668234982	0.0022396855611728724	0.7911242477564773	204	
e82d2c77e92364c45d0b65f8de00add0d125bf2b59e1b6a930701776ceb66cf5	0.001153187054179982	0.0002409966540521178	0.9986058162917679	244	
596e2d9375a69a1263111c8ea2e3e01d2a2177d96afaac358329adb83bb9ecb8	0.007181833189478997	0.001857819769153698	0.9909603470413674	195	
5b743c242687d123094546f536c35fcdbc4f6b8488ddaf851748d2574b4a8dd8	0.0023836142949566807	0.007290062502785147	0.9903263232022582	214	
31ecb6590427b53f811348409d2b7d4b89fec7af900dc01eccfc6958113812be	0.000976278362694753	0.0011485024556348417	0.9978752191816704	211	
573589ab714a0a25416730fb2e7708bcf84afdc01a187e9ae25fbd390ddd814d	0.0004485884363061159	0.9677671906991636	0.031784220864530324	159	
25167009f7593222ec4e779a8377e6a207d3b62b3095919a2a1fe49b92c0b958	0.001656489675575985	0.00047362809204135	0.9978698822323826	133	
16c5d9c4f51cd073fbec44e5b0102bc5c9018446dcc843e4c3c3bedb3330a454	0.0023842006429671964	0.9599605466050307	0.03765525275200206	173	
d70162d348779bc9b6555aed1b237c7c8d2cea7855b39829f7c9c23e383051b8	0.00034821126745678953	0.0002598993255269285	0.9993918894070162	77	
829f723bd7f53b0b956ec5218c4b0d87ee32077720ddc13ee9c2e67c9b8c4aa2	0.002395673230766657	0.00044247286757167695	0.9971618539016617	117	
a72bc019702b58daaa37d182884f43de18fe6555f09daf5dc40fe9b1de1b6d0b	0.0011864585982527714	0.0002789244664538877	0.9985346169352934	89	
10b087436224e131b9a9af7f00e1fe0dd10006a9ccee8817eddc0a79a3d4c134	0.010019123550121108	0.00037289132656373263	0.989607985123315	118	
793497b5219155011a52be67ec988256a2673cc25231048e166809aa1faaf917	0.0003151267924705201	0.9969165677381048	0.0027683054694246853	126	
45f54764f84511c4ee57a6285a694333a2004259724b188d7e02fcb319c6a2b8	0.0006573762170609249	0.0003625525509447812	0.9989800712319942	142	
69fe6b6651cce8ab710fcade7c86e46f65859d8d32eb8052ce2076d81b64b31a	0.0009997670718258505	0.00026285883246774365	0.9987373740957065	182	
b05a58b663efa3584a8d56e79e50d944525374a724713ba084767e37e7b87229	0.0004239914858194474	0.00039992726885945603	0.9991760812453212	86	
86faadc0df1db0376f6d0b358ffe93fd8a6d3632e5cbeb6780d4bab475d137de	0.0005930649594381638	0.00028401453113008617	0.9991229205094317	98	
7d5c7114c4bc561334dc34571fd7a641bd3d22152c76798cbbacbd73928d6079	0.0033586146741585382	0.0008438102349947885	0.9957975750908467	127	
90c44b0657cd4251f054d1bafaa9dd1b31de623b44ffe8ebb1b17fd74c18cac6	0.005286539961973493	0.9538764518922486	0.04083700814577805	448	
241732f75bfd5a26aba6bc1f0582cfe5cad202f50779c08aa7bb189c358f6a30	0.034231750642752454	0.6811340893880696	0.2846341599691779	348	
5ef1443baf5cc2b2d6d1247315dd494db3011f8152c3441185f95d599c714b67	0.06583037007601536	0.32407898550719383	0.6100906444167907	374	
9441eb982fb37f2b5fac8a796f9caf4bd5a2831dceb71282e73cbe7b15276d0c	0.037486173457390554	0.0349622884851518	0.9275515380574576	346	
913afa12ede9eeec02e82f931f2190281adf0a1beceeca14244583b602035e6a	0.1094885067971849	0.18990726236780459	0.7006042308350106	267	
b1b1596410b56c5cfc102200b16defe8b8df57d54d0d4290fafb462ccbc8bcb6	0.0028439738464073284	0.014840168153775396	0.9823158579998174	167	
3242f6db38d5108c8d260247fd9342831cbb20b95c3b57b7e91ec4b4ebbfd9eb	0.006818076487374528	0.01289488135110624	0.9802870421615192	193	
015f0dd1517fd090371e4b7d372e5df41b524a8fec18b573a90b09d6a893ca96	0.0011596225513480743	0.0024057478584069095	0.9964346295902451	165	
c42c42cd5eb352c32b23c70dc43f4c105b4722151ebe059541c4c407dc43582d	0.012894509862897167	0.005181129997631976	0.9819243601394708	256	
9dc77d2bb72e6d3b9253f5b68290b957cf8e89ba2ec44cc5066387f2f6e42474	0.002978019431716042	0.0009214130164634786	0.9961005675518204	156	
7320d4de9a4dcb5f6f437735f6bbe88d13124870eab7cc2002dc6b3f16748242	0.008249209232091435	0.0017061350687663577	0.9900446556991422	182	
091bce9285539758487da4967f3bf63f334064e89b3f528220c93f29aea6feef	0.0035967642978378678	0.0009527790063396798	0.9954504566958224	154	
7ca678e62cd39a4c211f6f1ef4068040f1af8843a241fe1ed187ea23410518b7	0.0021291948476178865	0.0010486152577574535	0.9968221898946247	293	
ae7b95bd0eb2cd94288f4d009136b9f46caeeafaaf5b1246ff31d023cc3d04fe	0.0011452113813831494	0.0008106802624702274	0.9980441083561465	193	
8d916eaed052a80cd8741b2cca821b4344c1ecf0d4dae21ca76989f5ce59cc8d	0.0011608917837340423	0.000506342227837838	0.998332765988428	219	
d245ee13b55aea682f19c0c3476b1c1a58802570b30e24529597c145ba55e60b	0.000841404763725236	0.0004457682231096365	0.9987128270131651	191	
8a4d170bcb2002625b532340245ac6911dadc91f883e514d71b1fd5fab7a9f12	0.21511196836731689	0.17715162029903	0.6077364113336532	210	
bf75322dd82412b50d397d730fd408f01000375dd4ab1acc8eb943c6ef44f977	0.0019234365077480957	0.0039007929410872716	0.9941757705511647	110	
7ebdbfca6dd2ff5131aa688a77b38e1fcdc31162fa1ac53738ffa41ea5391995	0.9884231032771805	0.0018262143583111564	0.00975068236450834	136	
c0375da17e3cd4f9062fb44c2d4624abec551b2566817f9866a699e7485a8c24	0.0019422234063972443	0.0004461394809961998	0.9976116371126065	108	
3d7a11bfd5a36a12fa069fbd00e21b1e188f0c584589d34b5ed616b9d77c0739	0.002786280210744924	0.9784750425806472	0.01873867720860778	266	
0a9f1d2a4b1ee5ecb94a4a0e1a742e6f69ac38df05c15f49c64bfa2efbd0ce0b	0.018417421822899637	0.24487549157894675	0.7367070865981536	166	
5c89bd0736743cbb4082e91e5cfb2d192693b178038549726b0b2961073ec9a9	0.017609011119627205	0.6799305882010989	0.30246040067927393	192	
6e99d5d0a9c3cbcf5e87b962f09b2501d806931fd081cb46bf9514839d54ed4e	0.03462559027643006	0.012652013233148072	0.9527223964904218	164	
e08c452a1fb725491f49c387acaf8fbb126d7225ce78d957e4f13ab1390368d1	0.03815571411395982	0.8141696483685276	0.14767463751751272	260	
2ed7bfaaf3e4ef2cf3ec003acc4b2da2be706cb6d2f84ca5386085fbb460bba7	0.023132537025559976	0.40490877205143044	0.5719586909230097	160	
ecf0d785276a9d66fbd4f1b245f64d0e067cf7e0d49787532fbd0591d3a76e29	0.15909681814069818	0.13665843787021043	0.7042447439890914	186	
d12cd7aa42ff22743a37937639789a5fede4e5848ba5389f12557cdc46b1c1d1	0.01106364565849055	0.009875619881567438	0.979060734459942	158	
a8a160a73f0a9ad5e0c7c823785f40172826d20e3bd9538417c78c62bafc03d9	0.0016872086747401261	0.9899662932643222	0.008346498060937726	158	
44889a87efa8bb9f3ee730aa8f117a19661e223885756f9fbe8b6083ba72b1f9	0.0599226731182941	0.006266486113882845	0.9338108407678231	147	
ab99a6b9df94801dab02f666cb1b04960ece5476877322121fa310c6544522b7	0.008760664919462622	0.0009964769621369624	0.9902428581184003	136	
1191e653ddd11911d68a535040ddb09aa3e924fa6788dbff597c1acacb5ec701	0.0018715731677362314	0.0004966886033041018	0.9976317382289596	173	
8e6e17d79f008136602ee0102dd1147024345d4704691d32aa70635ccef82b82	0.9984119899422714	5.368914688211978e-05	0.0015343209108465517	90	
d62408679d224110e1fe45a5addfebc0cedebc06d9a0655a2dd62ff074c6c54f	0.004611591267983636	0.9825792512077269	0.012809157524289384	146	
23452d1edd376bc61a2736cead1362382d3966b49ecc4928a23245102b30d667	0.9800835703578399	0.0006938605693421042	0.019222569072818194	140	
27a21a8a3ac0c321e2dd1e1b8c49f79ecd81a6e49a96d55013e23dd6f2154688	0.0006920514979509887	0.9942007695047823	0.005107178997266718	108	
0c44d35fe64805ba32d2f5958540494e2bc45dac69e2024c9a91a57291a91877	0.0004515908955429722	0.9929746255274027	0.00657378357705427	143	
f2b623813fefbb6840e12135601bdc44f233d8591a82d4c18e4bac0ed82161d0	0.002348318898297911	0.00045630931482237055	0.9971953717868797	132	
92d3d15a7231449fc56f4d4e3557959f108fc7f84f55a5ab71631b1beb5c5095	0.0008546112336410325	0.0006376978614516694	0.9985076909049074	169	
a0badf1a04900a913cdc17318a70044c3555249ad08c55aaaca1e2764cf91243	0.0007459386600052025	0.0011179577843846598	0.9981361035556101	86	
a7b9249bba3a24a6d04849f910a28cb0c1a9693c95b76ce4c079fa822f4edc46	0.0021003776836835157	0.005567310940074012	0.9923323113762424	142	
7f76454fc11cbdb2fe7b8d9da3207b102904ab64240fc3f5a413159f0c234023	0.0015779585086041802	0.0007440717389078399	0.997677969752488	136	
ef35ab5d361342ebd9f9453012f9b1bd155c640bd3a5158f576a2be5f46450ff	0.002128298845080347	0.9888303930429745	0.009041308111945104	271	
c9491ee0cb2deab1191deaa71d12dcbb7e25f33189d8f04bd709d9ca8b338bb2	0.0017967077118782844	0.003891989314172255	0.9943113029739494	235	
09bbd617b7cc6022a6e96d8ed99bae9275ca5334a320b1936bb4f399b81da12b	0.0017056538705352172	0.9840758800149844	0.01421846611448028	249	
d3d80f9e08fff1721e973d19351e399af29f636ace2c7442d87d7b586d172ee1	0.0011461787630668086	0.930540272135666	0.06831354910126711	214	
e05223f4244f52a14db3362bdddca70b22307d6538c3a0fd5be81894ad76eef7	0.0013506330832446555	0.0024587557423211555	0.9961906111744341	178	
d042f0e1e193dec7ebc6027341f3a34688b6ff3e99df3d866f9c5cacd198a8dd	0.002604114539281297	0.47094574836611536	0.5264501370946033	192	
e9565c83dc1718bd108bec8bc386c2e46129f7708bd57fa7b9b41e2f2f5c6145	0.01915745663528088	0.345464122221822	0.6353784211428972	246	
718810cf635e41fcff8491a93facf44977cb3352740f28057e70bd5e58d6d643	0.004191072943640579	0.00107118100674451	0.9947377460496148	210	
bedcc83a5dfabf479e400697e7f2223b93c81b8e42ab3ac34ae42994da83fc79	0.020743964379306076	0.14723513524426632	0.8320209003764276	224	
066e4582ccc49e830e6bddde7fe3b135603034e2bc8f94b74b086f581a5bdd78	0.0016429758023081508	0.01630791057583229	0.9820491136218594	173	
6ecb5cbb1f0fa0494e690ddd2142a6d37ea626e51f97290b18aa23650f6291db	0.0017520470650658193	0.0003685645321254065	0.9978793884028087	137	
2d278622334f670dfdb45eda54e373036629b49c29955306213a946467061b8e	0.001078636824294279	0.0036612967045343554	0.9952600664711713	151	
c97f2cc5b2a3a4706ca6de8497065afe48f89a46dbbe5c58b7f8ab09c3118d86	0.0021214178650130677	0.9952992501486817	0.0025793319863051715	147	
bc13883a27412477a8b8ad574b901cc53a8cdf511cf717a72d3273566c2da514	0.12580923849020453	0.6999231814763299	0.17426758003346549	111	
5999c2fba472e21bcaa8511392539318c724c4784c30558942d8c0c0d2841f45	0.0020877156104838206	0.993975897915041	0.003936386474475035	125	
fbf5211aafe1e47d09a4ce06e0186494826d82519df0a3ce9e01b651b1b2ccf4	0.0004409068183050146	0.00265260809495788	0.9969064850867371	141	
fe867cf98d8c78b87fcd7e1a06c3357f9f3e0db4d78f6fef318e1ce166c6517d	0.001235314650955812	0.003095761509528898	0.9956689238395153	105	
6448499c7629188d8a5fb232c188eaaddb42a47a0c44c7d658b36060476b1f3d	0.0005563340728837531	0.0010300505722952563	0.9984136153548211	119	
fa340cd38a86ec94992a03755418013f461230941a685299a98b2c001a8cb426	0.0006453014425456869	0.023094512701368093	0.9762601858560862	111	
e2ceae935050955ef7ba9d8c8fd06becbe47c0d61f82f17ddc9a7b500335cfbe	0.008648272945760302	0.00206217387591419	0.9892895531783256	75	
07507d449761c4a1fb905fce93a9dcfc6af725c4ececfa6320209c16855fe1e6	0.0018468604543210724	0.01770342614449773	0.9804497134011813	89	
8858798eaab2f10b2a9f616f82685ae3adb319f795fa3bcd5e84ccd325040c55	0.00047364073003069117	0.9951186559551957	0.004407703314773677	165	
4072a21a399475740bc79cefd6735df24ae6d9bedee8ba7f5813c7aee7cc6894	0.00018217137381830274	0.9902942820640631	0.009523546562118537	178	
1f7c04006cd2b266f3ea90a291f39f4feae6f89dd5657b029176eae6ef969cf4	0.0012303861852077035	0.003960664468651073	0.9948089493461412	210	
be74b5a5f87eb4b48b46aeafc654af2ce1d9059dea7d55874b5b11bc23d4f9eb	0.0003325293203541504	0.0012799196880589323	0.9983875509915869	137	
2f955fda263eb167d6e0723e0503387051c2fdd08f8579157841725e7c7bee2b	0.0008950669402486946	0.9887077468566253	0.010397186203125887	111	
80a4d3129e81b5d56995857bdc4bf08c6d9c0fa1b250eb20f0bf0b05a7dddf4b	0.0009457876744080518	0.0005393568860061292	0.9985148554395858	105	
816c4850642ee635726c384562e51cba09be09b9cee2045aa152fcc495a2c6de	6.807409591625489e-05	0.9908899737767822	0.009041952127301722	75	
03be80396a633c7b4d786af5eff6fd49cf4c4b03719b802a8bafba55c0330473	0.00013208942233155005	0.005073564849099678	0.9947943457285686	78	
6a97773e563240b2dfa11124c16395aaadeb017f85e1e0ccf752eca682e210d6	0.00026163753722837843	0.016856001382352395	0.9828823610804193	181	
8103f8c11feca0c9d6287a875f9a4a7c243730050107989181b07f71508ffb85	0.001553094415867804	0.0006627025491274343	0.9977842030350048	213	
8bd5623a5e4984f8c45383d823c6c246e839c85f2105688eb225d3dcf116e573	0.0005703157910753085	0.00038865434140295847	0.9990410298675217	140	
4de80d5bf9eb3df5b63d0ccedb06ee8bc88a35afa378e2fc752f83a946da4708	0.004875687699907289	0.9662172925262787	0.028907019773814026	114	
57bba0d75bf5a3a2d2da76dc290291a3aefb12c1472925480789d77716a695aa	0.0012912384347062993	0.00018634315437891756	0.9985224184109149	108	
03fe838b14dbdff1087ed33d9642bc59d2800ca681501dfe1a5d7a2e80bf8492	0.0001642626642400659	0.02175597024765836	0.9780797670881015	159	
ec9f779f4a96315a6776603e45c7d34d63fde310be0dd1c86a760367f9340f77	9.11569859958338e-05	0.9588800890975859	0.04102875391641828	108	
48341c8db66ba33bedd2a921e5a235a38590d66de7e65aa5ace7830b91669dca	0.00015385343029904877	0.001530960714228718	0.9983151858554723	125	
73950295e16ce0ae88f5756d1298cf74225767f967dffe5b1a60461fd6fdcf76	0.0006334140367598352	0.000863867705313719	0.9985027182579265	253	
06ff07c12f11a50fae99bf4e90a3f8af6e5effd70dfb81cd4f9989548d4054b3	0.0015572578258484034	0.0007534035251903375	0.9976893386489611	202	
f6b053d72feaceb4321012f9a7b5f548f2a9a10d84d0a26c195f1ecb27dfcc0c	0.001032619014088941	0.0013234049013314167	0.9976439760845797	219	
1849ad697f309098261a7a437273fa35cbab0536524babe3bf74729c0056d802	0.0003168652162432226	0.0007109497524169881	0.9989721850313399	144	
9195f10e719f37da0e39b890480e8a3388da2b1a1f34b9e0fcddd33c0c45a7bf	0.0017109712745015753	0.0006034489563816201	0.9976855797691168	93	
d5b3223d146a6a2383d740ff8d803f06ce893288083efc46447a2befd3c444a7	0.0002764284164013207	0.0007434521159501719	0.9989801194676485	110	
8643dafadd5cd394d7eede549a4ebb2537e9963dc191e4de35edd764e228bd8d	0.00018169942960585006	0.0014514895154737783	0.9983668110549203	178	
0a49b241a0074131362f6d5b69293748501d9d57b86cbb3f72c2851934c62869	0.0006511743956945084	0.004844436120902421	0.9945043894834031	127	
00104a24ef49bc1db5d7f213eed118469725ccc989e58b35758e93eb9cc811d1	0.0002039857827617408	0.0007107780882877313	0.9990852361289505	144	
42b01e18b771ee6b3322d05ef2d9c34e19d41685324f883203ef01aec82bdc5f	0.0001325048385307527	0.0008135447602657114	0.9990539504012036	136	
329bf6448472bd1598ca4adc79c003a0c83f5b8e2401feaaeab2e75dcd0a2941	0.0002636256694087703	0.0007855737277768682	0.9989508006028144	85	
ecd55f0badef8876afdfa067a44013d4bf9d124ecd45bb4f85ab43a54adf836e	0.00013672426591142877	0.00045073873884412077	0.9994125369952445	102	
9f96615aab32b853898a76af33d59d69a2445df7b098b81a33f6e2a4a989960e	0.00040360674208968607	0.03243365321557746	0.9671627400423328	189	
620c7bfcf6f355b9e838aeac962769a7c9c270c0dd88918a79d2e5fbf7b65cd4	0.00021427664997719826	0.9858122722983963	0.013973451051626597	138	
0f574ab1b914e5dfc83a777172c10c5ec5bff70cae9d0cf3f9a4c7c060ace250	0.00015203357757083332	0.006741238674686579	0.9931067277477424	155	
4ec5455fe721e296030ae18ef0a331b735460fd0d745264a898f8d2c64e4881b	0.0006755650782173478	0.00039385956855874017	0.9989305753532239	169	
7101d0ecf814f4474aaf5f79786d4bf5f1977a1a413b31d44c73b664e7b24614	0.0010200879188992239	0.0005430359966030809	0.9984368760844977	118	
4f4e574846f53b5374009b7a7e7036b16cbc1dc4d86ac3a7784d1a16b43761f1	0.0003611121635906142	0.00040006901750314484	0.9992388188189063	135	
85865b6694169adadbb1a27774244fa5d48a75031b9e63a8c9064b7c8191b59a	0.001570209511734184	0.0071916016665271535	0.9912381888217388	162	
f3c0ca84fd33e22197b9db231c0602760dac32a3015298659f3e6ecdda95a6d4	0.001995365749498927	0.0016383367443886917	0.9963662975061124	217	
a898451f2d778b4c3c3c24938b815ab73eb60b38534fd41e246f22bc070cbb70	0.004866245662408052	0.002340575603292866	0.9927931787342992	108	
0f701986a44313291b1d4ffadfdcf3c074cf54b8179d333eeba712f9ea9b114c	0.007977712404657616	0.008741206944658575	0.9832810806506838	142	
e4f12383f656c229c51f81937dd0e2670396f104e1fd56bdd2a6b6c6c275fc6d	0.8631925545036251	0.0026207929497811906	0.13418665254659365	100	
c46f2d2318fe8627be13b99e35ee3deb9eec3667f677254c5c4c228890f02f56	0.0016134589441190233	0.010959762029749685	0.9874267790261313	153	
a7a505dc0e9657c69ba4bc9f212c4f38bf00582bf54fa121a404d960f54b5154	0.0027063181714731873	0.0005592602038271484	0.9967344216246996	133	
acc47d7f5d66ed6e6ae73c0331aa2bff936d52b050b7a749894115d556060738	0.00022572948874163612	0.9981482612256534	0.0016260092856049493	62	
ccceed1773a1cb4c135c98224df212f5023337e170d1d1e4c2d058ce3a957769	0.0053556895516342524	0.3644239187558035	0.6302203916925622	195	
8d2315269f7387025cf1c68a5e79dd4c32179af03443215c703d7a4138886c1b	0.012837367449600177	0.0005029057760949399	0.986659726774305	86	
549acc848f0362dbab66e81997ae0c93a05631d9c6e25365a77b8d911d8b37e4	0.009227542854974766	0.00714069660141424	0.983631760543611	120	
9eec862846a0af0269b04e64626735a1c13592ecc49c8097d75e1b853938ad59	0.6875964070202357	0.0012123718764622691	0.311191221103302	78	
837c17359b4d92cacec4808245b5a64b67aa8fe4212bd2902113f8c5dc894dd1	0.0029468963127437225	0.0017994428966894348	0.9952536607905669	131	
f84153fcdf93ca85f8ce5bf19565309618e3adf42689ab8a1cb7886f55599491	0.012536014018673339	0.0013151668687758924	0.9861488191125508	111	
c8a510e0aad2238fae82e1f33216bada47b13c6322c50252c9dd800986738d21	0.0005484553447770054	0.9933233402034295	0.006128204451793534	35	
0cbc3063f2d9e58ab536c75170130bc995411cebd5287f697fb6eaf32a8d50a4	0.0028104599354196254	0.0010292304634115183	0.9961603096011689	182	
ee6566d0c1ba7fe0d068f6d412034145c8355b12d333dcd114b778bd6fb308ae	0.0034077472529822892	0.00028386025055350485	0.9963083924964643	73	
6202e57191b61733186182f1a8eb442cd6ab4b9ab751866110bbc7793d814a60	0.0027169932830546297	0.0009736445241057736	0.9963093621928397	107	
48861524926c051e131d9c8ab63d911f13b8ae203ea329463904e3d4b61d2ebd	0.981311763253062	0.0001694335677348991	0.01851880317920308	65	
3d54e351c4deea346a453239b4a807ae2fe445592125bff5ce3023a98cd6828f	0.005697721488363408	0.0020171115058848126	0.9922851670057518	118	
3e3fbd47d9d65d05cb2be1e1f837a2e3492646757020a2cbd41617d534c66349	0.007933284939223965	0.0004954339402449592	0.9915712811205311	98	
d692ddae69ad1a49aeaea45ff98b1371f7badbae770d16176a65bb8744e20212	0.00016642950500104942	0.0003091324023941858	0.9995244380926047	40	
40e75632ac434b6ef6c281ba3380f4be4328bee9e1157de0b775767a138e4cd6	0.002062798818676814	0.030888076252598127	0.9670491249287252	189	
6eaef28e1440ba6d19c9c1aa945f6a3e64bbaca27cffa602e6db687d33f0ddfc	0.018236547194235134	0.0007312169618189481	0.9810322358439459	80	
8073f94a716f6c5b99fcea10b9d43676d8afedd8094cdcc037f460b3d9184a14	0.011923381214067802	0.0076019527109465555	0.9804746660749856	114	
f00e049dcdaf62db2ab4fe11acfa3b7d013b59f073c3e18504ff1a177c255490	0.9670925753396493	0.0008878395397430373	0.03201958512060771	72	
e5ef87ddf447162f0f9a5f525bd2b1e699bd9c2dbb96158466060f00f32edf5b	0.003498538996085618	0.0024469369813920143	0.9940545240225223	125	
10b782a83a426535b9db05ac6b59ad315817d1c7f486c50030bb36884d52d1f1	0.06971731463114864	0.0037444052834878627	0.9265382800853637	105	
bf9f88ffaecfa72dc588f06fbcc921a4f12e2bc33fcb2abde90b932ac3c01784	0.0009359857436650217	0.9548234099426781	0.04424060431365683	128	
10aacea81f14e26e7d61f72b3adfd85aed3ebfff64a973a70672580f6e69ef97	0.01526122432789258	0.024811345037177704	0.9599274306349298	111	
c91949d5367648c84cb7fef8ea504ce1f479595f9b61907a8e9d95075bbce0e0	0.003211518134170382	0.9897754632757109	0.007013018590118785	151	
da38cbc391f63e03ab2a1a083626a922e4130ee49ac94cafc38ac5ecc3df3bcf	0.24518119613997688	0.0027933937276652904	0.7520254101323579	188	
0bfca8028bf6fd3af0feff67823ae59e8aacbbfcfb528663bd05d357fc9857ff	0.0035181334984265168	0.0031432354297150898	0.9933386310718583	174	
77c1ab9bcd38b4b7eae6f7fbd719c57e8c2c0b3d5606f1a390941544f813ea65	0.020756539210872373	0.024311281139960027	0.9549321796491675	153	
a6b9afdff0d69779b7f75adaf3356f564fe9f1fe737de54e52ae511e5c4ea830	0.010044096015036712	0.0019059304937174095	0.9880499734912459	164	
b0179742fc277a399cff953b5fa29bc33e3c5d7865599210cf09b2c45e84c313	0.00028758572874374995	0.9972645553208886	0.0024478589503676706	122	
a0e433596a42be35934cef4665143eacb15f8443ed276bdc3827c4ca3ee25701	0.16188423658683143	0.2767551440332769	0.5613606193798917	200	
ade86362b5018f46e310419d5f00b88d25d3a83a40037d56bb59b92f4a585a05	0.0011867592342810374	0.9909440094668572	0.007869231298861716	202	
43e59b2ba69f240f9d7094d781e30f888ae59f0b11cf4b1961169e2b675cbb6d	0.0009787766706425623	0.0003960465722503366	0.9986251767571072	242	
00f7352885ceb68e3917c12831ec481fb24a00856c1bc51b5b70ab25c7fe44a3	0.994962165383776	0.0006740090750399146	0.004363825541184094	193	
abf78b2b6c733981693106dfeac92071b91d05d17ef1eec2e7ea81924d6dfb55	0.06995263311478725	0.004498336400955217	0.9255490304842574	212	
3c0927eee00d0c7a13a8cf1e8d8e40654894ee167f6c07d4ac2dfd5e5d2a9bea	0.017601504239374267	0.004607909788235114	0.9777905859723905	209	
4495aff4dd7a6be635f0e91dbe2f1ad3410374303af5c15959fbb4d195f33202	0.0021630869840357143	0.924064701121981	0.07377221189398325	81	
125aafb6e0cd662f338001e34357d8a1244aa585d1e3aba90e310f0189644edc	0.05720533530603081	0.03145530927405254	0.9113393554199166	200	
2872df7636cbaf9b530ff7e1392b494c6ec124ffc024823bae2d85938aab7a23	0.08929160214342874	0.37040769276318186	0.5403007050933895	202	
4bf2c1e8fedc324c9ac9d43e1df5073da8a333de44ca7612cd8574d0961b0f63	0.0007028767626815629	0.00023721780191687979	0.9990599054354015	242	
fcc5db792e2e6d291f99cea8ff3df1a64d2b09be9ec2bdaf69b07a04a9946db0	0.6413311350277909	0.012627001881535541	0.3460418630906736	193	
d1e70e0499a689cff7377aeed1dbfee857bf7b5772fd869c8d63f503cc806484	0.014562102046327963	0.0016125779150582462	0.9838253200386138	212	
e62a681d52b5db7f4f2de88f7549ba8072cdebef0613fd108b060c9d7013b723	0.002348405245487503	0.0018707292126597358	0.9957808655418527	209	
dfbe718152ea2de1268f82904bedc01526aab24788adc5326d1569c2e845e11f	0.0033996929401465758	0.9561883807360682	0.04041192632378528	103	
80a2f482eef64d3718d2a8642ad11060cc85043744b5d742654253004fe3ee37	0.9973071660317357	9.916332470745896e-05	0.0025936706435567766	189	
76b121fd441349ac95cfb97a43caf877ac6854553aece5708bf1d09b702f61be	0.9997672693663001	1.4717132251158218e-05	0.00021801350144881983	191	
8e4741c41178a9652e63f3076d452ac4a3d9e08dc279329e1f4ce9dcef9ae348	0.01871059668234599	0.0003876289576790851	0.9809017743599749	231	
6b9ea47597f80b95235f5c3690a7810fffd9ac80fa31bab99e0482a2f3a21e09	0.09515832802795894	0.002686365019104765	0.9021553069529362	182	
e6e407c944d54ea927ca4234be45f6b42a8eea1f660d199388170be951b88799	0.0051690672746835436	0.046696392083998034	0.9481345406413184	201	
d23ce19ec7f511bd7db5ab03603a9cc679e26ee65e403ebfbe2f50d63f5f1425	0.8035052989293378	0.0007536014367636921	0.19574109963389869	198	
52dccd0e68fd288d0789f5e75ba4bcace7e70083c308fbc240aeec6af6d73c62	0.0001643234520900865	0.0019058387242998473	0.9979298378236101	171	
e5458bfb7ac3537324e207cd0299d13f8a5ef31ef9143b80ae4d4c0f5ab9b309	0.0007401765541561221	0.001378382570643257	0.9978814408752006	145	
3243eeb5ee0544f55baf4d9f60b911f11da8a3fd93a306283cc4ec40e13323e7	0.00043466395756730817	0.9870877867138135	0.012477549328619171	185	
4cb4105fe68b295149e4f1d317cbbb48d083307b851c2af9f63e6b9e250feaa2	0.0002657385275161833	0.0009211754921489263	0.9988130859803348	89	
0735d735dbc318d5cb16e251c52410705bb9d3118f12c577498ef13bcb058397	0.007576584186589077	0.03232502674644144	0.9600983890669695	129	
ed6740677bda30c572bea765b9fdeb478ca794649599639d471ab3a8dd8f0165	0.001870918184114478	0.0010899264673170516	0.9970391553485685	101	
10df20a4192fd69d39baaeca6aa6c11cb6178dcb174c2ec7b439672b46b6532a	0.00811870627533853	0.015367860590430207	0.9765134331342313	130	
92296af41985c4d0b2096ae0391bb066aa3ce0107ac3fff7853e7e6c3aeeb663	0.00043889574873853826	0.01032743854298263	0.9892336657082789	101	
bd185a3be2cbe9ee206f583e36b735641ee65c5049c53fb681603262d8faa952	0.0009464508082279816	0.0013003802388178124	0.9977531689529542	149	
e6c604a583dfa1d2ba0a34e817129e537d5d49fa4a3efb8ba7cfac1fb97b6ced	0.0005736642622961028	0.00048085576529599826	0.9989454799724079	189	
c9b68675d42e3adede818a4bd603c7692021267cf99938c754907434e90f823b	0.00015890546605498644	0.0012968911435808357	0.9985442033903643	93	
7c4af3f3bceff705981b30447ac41b618dca199f96038193b81d136249b9c2ba	0.00032108077359796196	0.9842942863212131	0.01538463290518892	133	
b1336209fe39d0a16559142f63d1c1926c68d372fd7300216d04b4a5338b449e	0.0014496104109617176	0.0005645862000746383	0.9979858033889637	105	
6e1afe7442984a2fa2bb5f3a2fca3bdb7194f750e238d6539f393789289ee307	0.004767883834743367	0.05779162362766149	0.9374404925375952	134	
8a740b2939de0d4aca01f8a176de6ca2024c5a3d1b747b29ba98a75bfcd67d24	0.00022954854444641375	0.9958448481385002	0.003925603317053459	75	
7c8e8a67c8e60a3fafb6be6e90dad1b159f993e1a9ba9bebdfa88a54f7bf1736	0.004754796422711288	0.0073667812412989	0.9878784223359897	152	
57a1736e2d7bddfc5c7cdca32c6614e18107d46eb523cc9ab18316be06b47d4a	0.0036354390293733907	0.0008807305470546112	0.9954838304235719	141	
e65ea4f967fe5c078b4ea4a982c10279fb30977493f4fdc8f0b29481a8fde8ec	0.0010422430376393961	0.00047047628443696584	0.9984872806779237	178	
a4033dc5854bd4582ff7b5b63096745b2c99a6da23b1f75ef7cc1182f3394780	0.277871623192984	0.003122681981067592	0.7190056948259486	95	
5cb1bf2a00acd99629c1419f83968e47ceb6106aa498f4d4158024b745b086a0	0.0011367550520604759	0.9910892010070403	0.007774043940899279	151	
cba053a14e69384cb789d630d00a5536eb478bddf3442b26248dd34f9d2dd265	0.0175835778868317	0.0012564551102167754	0.9811599670029516	145	
f4b70f9b71cfd220667d0c38fc6a75d63d38d4af170dfdb970409f8b58a2cba3	0.0055269198984126	0.002407547360597332	0.99206553274099	164	
471a1ef4127c5dc95a25c40d29ff6e23efc950462c4dd4410b5ba84b5c50a686	0.00451587625257656	0.0010837545751193353	0.9944003691723042	153	
911eedb0eca644891f59683669a70cd1c98434f72099fcf25c226053e3d152ce	0.0011572857472427916	0.00043351514495017733	0.998409199107807	190	
178f17a8d51eef39af8f7e79c743bd81c3819a104fb6984cf9725ec59f556350	0.008669112047925108	0.0005503010713187542	0.9907805868807562	107	
b14cb4265a5eb95f0c8a57b5c97b1c830496fb7720c82a2d83b3d19bc4766310	0.002059423663092323	0.0072550051143712505	0.9906855712225363	163	
6bd944bba061c27d27011f03315e572cecb559be7a3f02d4695c15025ec4e028	0.013296227831033507	0.0011518853632318262	0.9855518868057346	157	
ce1475782bf15b36aa20e9e9e12b0f5a0f99ec18b46121cc18c408de25f6ecce	0.003172270468358606	0.005910874147541007	0.9909168553841005	169	
f3e1cbb454b19330486c1ece69b3bf9f3765cfe6bd1053ed520baae78262d713	0.0033969732167939536	0.001494571650650321	0.9951084551325556	158	
1b72cfb077db60228e80337019887ba035669dac96c85aa5098ba87ce76021df	0.0013821232093751688	0.0006213893282618452	0.9979964874623629	195	
47ad2784218b768963e3ff262e23fd4bbf4be10135550c730126daffa673ea16	0.004758432512542147	0.0015307375606696564	0.993710829926788	112	
5ba8d82b45f8f2b47380fd7e5412dafb8a2dfd54c78f267d28494c5e9ad3a3b8	0.02040137712991218	0.00832552262548127	0.9712731002446066	168	
de8fbc5419bbc8742d13cb9c9d8afe9154f9a4da5fa00b210874d592dd96cadf	0.09565682989632358	0.7373797513535231	0.16696341875015341	162	
ec7b059b08c4f08f1b528435e93947599108b53ee3760902dbec873259b7096c	0.000980596815318625	0.0008921800771301773	0.9981272231075511	248	
abde4317e533c630decb4eea2f9463e5deeb0b63f9dd8ed840d570d991869a45	0.0003245045868833029	0.9008040512103128	0.09887144420280378	213	
4cae717c46e5f8f5da088d7aa714c9b45ec1192aaa9983ad567e61a1783ac469	0.0013346169446511445	0.0012996704263906745	0.9973657126289581	245	
d6968d032fb8ee22d54956e074467cad8a5ce8c031000bc90ffb72d9c64c19b2	0.0006177781166130718	0.0012475651658206146	0.9981346567175664	172	
6eefdc29c2ee5454ba0192e5ca8c36500a779e0d6162fb4c94a674b314d0d79b	0.0018805353059576468	0.010491499901251039	0.9876279647927912	146	
32eb024cab8b74f2f60e5626b2b57cdf25ff6b65b50fc239a89b3b487c520a6a	0.001064563301144944	0.00042524194160260923	0.9985101947572524	140	
e56091801af68750d96ecbd950e51776ea0c11e38eae09c8d1d5da2c18035555	0.001744385794643009	0.6531020467814014	0.34515356742395553	110	
fb82c2f221452f5908807a0bf12351f69f01a53c188ce47dae2c0b3dc80dea26	0.0592796751184635	0.7874184062517765	0.15330191862975998	72	
64b04ad8bde12aa7732c80c9b08a138f5f6f5b6df91ad3ba44c307ad96dad233	0.009951661058855277	0.0008251892586650508	0.9892231496824797	199	
61dcbc5cbcb11f254b79663ad88ab13969c2397074c6a42b305b2be8b1d41d86	0.002404204497212605	0.0003303130174805558	0.9972654824853069	90	
807a106a09a0ba53b4def43602938bcd0fbe1000fe38545e5c34833bebbcc1c0	0.005176759356322545	0.0011227727588593152	0.993700467884818	124	
abd04f5b1a8c40d4f9f91e37bf79486cdf7cb9cec6b4d9d6bc676e2f40067c5d	0.0008544631758866961	0.00027764154624689946	0.9988678952778663	82	
575d7c2cc69c5446eb7440253293cddd871ea999369b88f1a8425e919ab660e7	0.01783823303834336	0.177055151906608	0.8051066150550485	135	
c93d4e449230c70d818323391dcb8c11f055dd0f91e1365879014c61f2630c0a	0.002486567172270421	0.0004731889585878057	0.9970402438691417	115	
543b89a8d095176989b87f9d3977fe6be5ab5e01eeae9793369afe868dcb2d82	0.0003500325032321944	0.9962616300139695	0.003388337482798318	78	
266e9595e7ea6f60f4cdc993c9b211b0a82d532201e4640a076b6d043c9ed3d6	0.9551420080865103	0.0014933379410952336	0.043364653972394536	86	
437426ccbea7c562a6eb35db852edffa24ac95d705e4cfadc8dcb7543b8b7979	0.0004612893561884841	0.9959196038069797	0.003619106836831744	126	
3c85d44bc3c33f3fb7ecbdecd912ca60a10573287b06e83fa10d64346c6bd3cd	0.9976148691717319	0.00014123510745716675	0.0022438957208108963	163	
2ed62121d1d8fb645be6e515b74129c1de343b69039a73ebe3832dc6f29c4de5	0.017937166670211578	0.0008451405721694765	0.981217692757619	149	
4baa078c0f3e1b7f822205f0c8cc5a526d21cb252a2882d98747bc649055c459	0.01135439512387565	0.006635961932418547	0.9820096429437057	128	
2ea30177475091683ad87d8d49ce34e4127f334781b22e28bcb0dbb9abbb146a	0.3188344564108024	0.0026009352370861805	0.6785646083521115	139	
7d848b3697f767f72c7425525428b5e60539aefedb01d0c736f7b853658d047a	0.005472511510222674	0.9668707142931103	0.027656774196667074	190	
518fc491c0abc58d51fdb19cf8fbf9107847bad2d18edc3980d3fe8223f44d2a	0.0023368659295573075	0.005367729000009751	0.992295405070433	221	
02c33c3e4f55027026df5c6721dda3f74bf99ea149483b531c36188c6c109caa	0.017221759408211405	0.8998541055008034	0.08292413509098535	223	
3dd46724a7466d204342e57eb8eb0428bd350875b0154106ec739157fd5d4c23	0.0005009038886577297	0.0003422814351274458	0.9991568146762149	263	
d9f83c76bcad551dee97f582b8f89fd974833b3820eaf459c60aaea4acf0f451	0.06922455705352334	0.0066076193528306635	0.9241678235936459	214	
a1fd06ccd7d1e0e4c918ec45c2827881835fd2d77333f01c159622f19b7b85f3	0.0055805052194084865	0.0030200813295667033	0.9913994134510248	233	
b67ad0edb134e72265e14344cbe84d1b88d72d2134ab80076c23054131805ed2	0.004395234051207774	0.004382224211269137	0.991222541737523	230	
bb2b31ae1906cad472ebdde9cd9aa686992c3ddf04622a22aa440de40f669562	0.0012987219604796592	0.9863093164633704	0.012391961576149921	181	
214cfa981f747f3d2b6a2c1971f4aab03352a738b508722ea0a39a001ad54d8c	0.11198950766028085	0.03766450684745817	0.8503459854922609	259	
ea1f7e337cd7c48d2a0c19e42b426d385c545e82f55527e13b3c5f45d47edba9	0.003921530893343438	0.9712188350752471	0.02485963403140955	261	
dc4ad5c3f5b780ab426484414e7c45953cd7a6e73d8968a9c2ff3d21bf9ea94d	0.0010731740233362304	0.0003312420621335285	0.9985955839145302	301	
37e1c3329e14c592cf367d0d494a65cfdd1587793abfeb17d53cde6f49074967	0.36493221567058526	0.015015462066857473	0.6200523222625571	252	
47d440d3aedebe8d029abb13c2044e27f1a13fff9791ada78aef64351317cf9a	0.0040127372254461805	0.003365756596720657	0.9926215061778332	271	
97d6259f57e57ca19f8680da03d877628cf87a690467483611b8b74f78a43a6e	0.004049991791918284	0.0023346042935355675	0.9936154039145462	268	
9bedf8b3a32f5254664e940e794320acb02f70e1cba0f30ab67d1d5632309388	0.0018530978891418168	0.9762393717439104	0.02190753036694787	96	
57392b51c233a2a22240e742802b41c5ed020d55bb09d51d45324ad9083acc04	0.006444862816315872	0.0014794899817835107	0.9920756472019006	182	
7ce2e7d8d6fcd0538acfbbd1df1c6130e4be1041a92dcd2fc526f1cca65b8a4e	0.988517444401874	0.0001441599199689207	0.011338395678157254	184	
73d5bb365f0f65ecd61d9aa55b4bec589140fe7a462cdcf83a5c0ce156222878	0.0018133568027556774	0.00030059443692288345	0.9978860487603214	224	
dd8f236a4148d48d59124fc031769956f1fb3b66c2ca862d0835388f816e7387	0.0049368835402168534	0.0012268707282472868	0.993836245731536	175	
2b35dd8d7b31c9e4284cf198d179058f0eba1438daa85da60cb67761275bbd0a	0.007668436992406628	0.3394994441471391	0.6528321188604542	194	
25d3172b447c05056b9b810ee0cfd8e59452ee2d15701ab57550ba5a4981a6a0	0.002246768528600461	0.0005059068818667826	0.9972473245895328	191	
22f7b9d2f79ad6e716605b6f59c50859af7c0976e95ed6949466a763d622b76e	0.003128357358479662	0.005204524740920468	0.9916671179005999	156	
9a651a91ecd1ac7f3cb9dd428aa072de84b51fe6ddcdf9ca52caac595525740c	0.003474777392699336	0.0008475352344665296	0.9956776873728341	145	
049ecf12a0a7c824ee3ba9fde3ccf1195cd6ab68b8681b32c4ff3717ebafe581	0.0009945159975121042	0.00046424951649959626	0.9985412344859883	182	
68e06d356540944c7962a39e07cc19f14a42604407bbc41e495b6bffb222e88d	0.9884563424903972	0.0017225231922692935	0.009821134317333391	99	
b1ee861eee62e904d71a0d35b56c7e30aa86e13ca65638745b0c8e57350683fb	0.0038109865030172972	0.9828642957538497	0.013324717743133154	155	
67ca3625d83d005f06df5087283c8a80e366edf66f006ad7d3082485e7313b36	0.023905115291621867	0.0008218632876216018	0.9752730214207566	149	
3da4829740a4ce44175ece38fb48d3eadb767d47f7ca3ebd839f1ff294eaf1d3	0.010024435405517583	0.008353154522455823	0.9816224100720266	193	
ed1ecfb8b8be2fe42fd5b8c3750ed2a4119eafa7b42e541c5e596eef0b020f8c	0.004503271173206915	0.0009558423597134273	0.9945408864670797	182	
5874098c75351de46d72b138a450189ef2e9f2356d7febc864699c3305ce692a	0.0011212519612195228	0.0004543512593999335	0.9984243967793807	219	
69342e4c57082ff3cbcb39690af7876529c48a20004750ae408e5aa79d0852e4	0.9968606099756752	0.000532011673453338	0.002607378350871439	136	
2d3dc658c507732730f7c4c28844b139aeb94cfa0897b0ac9d0ee027d078f4a7	0.023098516078255936	0.7279583468964628	0.2489431370252814	192	
79ca2d3552738ffc6e16ff4fa41ee8a149c246fe74367e7f9abf56a28186371e	0.1425103967773153	0.002087399175559354	0.8554022040471254	186	
9fe0c85cb4fa5cedac14855743fb751bbf9563a2aec8bcd7ed3c26c8d1390116	0.0010286428885943662	0.000585216875011759	0.9983861402363939	84	
95fe760db4e04846a41432b23f756f3645803016efd08a4689238025f5174dc3	0.0019227344552512188	0.0013071878494730058	0.9967700776952758	176	
d99476f33bc5e1196a1005ecbe6bc81d3a2e1a235c00eaedd347732e904d4a00	0.0041159418747842595	0.0007558849909111792	0.9951281731343046	165	
5bb44cd7cf9b4a52bd3e6b901125555abb280f0bed7586579af1b388cf30a34f	0.0008185933279253085	0.0004010023259167672	0.998780404346158	202	
0fff170944f4503281066838e680de638ca972faef97cb6aa09f0fb2f799535d	0.016489349431552495	0.0025373400821504903	0.980973310486297	119	
c399c893022be1af6cb5a4fb34ca8e77940adfc486eab7a9e1207b06c827647d	0.007151969758128883	0.0017656048459445343	0.9910824253959265	175	
b6ad7cffc929ab8fd2d0dc2934c2b16ea351317262ddf2ca6b0f829c26255e3c	0.0008473506948823368	0.0013295985146011095	0.9978230507905165	169	
2ca808c0eeaabe5bcbb23ebfc52fd23a1316d0f07ba4705ee9f61ba7c2811f2c	0.0026033089906354386	0.712768155379575	0.2846285356297895	308	
6996598a5919f698cec6c3d49f78caa0233ee178b25f2deb12f39906dd25f976	0.0003329288918507299	0.994674926702349	0.004992144405800363	247	
92696403aaa93d2df1ab6976ea9202190f75c6f871e19d90fd7a7a1a1a92a5ac	0.0009285333856138053	0.0008448716408616789	0.9982265949735245	257	
5299e74bbc7181783bdb4e1221e177fe1df943a57048a2e8d2ae057c35065813	0.0005303996406947386	0.7188386740373313	0.280630926321974	273	
209f760a5a61e7fa707ee96353cbb3a2ec7293bee997c2fca429024f34ec7062	0.00019536361637295394	0.9801107738085926	0.019693862575034526	212	
cee4f1cf8a86a2de37fa05b94c54a741cbb4e6f6445b9ae2de246cfab20b3f59	0.00019443471293432974	0.02436473227372245	0.9754408330133432	222	
5cf23f4cac5f2069f345912bc07f3804189cd579bbc1bb7400d2143917588b61	0.0023973426120752375	0.005613275694307939	0.9919893816936167	305	
fe67a6cce16f9bc7bc9d67feb92150e903e33ffea4223c95782ac2b861eec909	0.0020397602086125286	0.0034552771091218527	0.9945049626822656	244	
2e359fcf9b9b7581255320ef9ce4ca28ac5a2aa0df440af1b964dcfe8e99cfd5	0.003258957126288598	0.0026937252979703243	0.9940473175757409	254	
e9856a73aa0e2a5c89121943c6a0531006ba0045b51f3837dc1e5e700bc93b02	0.0005287133034771011	0.0007724648175968047	0.9986988218789261	232	
9f29676a0c76380e9433332afd5e8d177ebfb9507f8cd9d084c8d9f9a8ccb211	0.0005484837625507733	0.00041295986052522997	0.999038556376924	171	
b74ae10f9f3ff93ba810ed5d61452c1054e80a497bc8b02f43b4859a1477cbee	0.0005863887407735315	0.0007200093567607217	0.9986936019024657	181	
824a0b68ecccd104d41a46ff9d2179b7f7bd8880d157eba6547c0ab24440ad9e	0.006847093103449066	0.35437485138289415	0.6387780555136567	206	
e2470b1a1a7bcb6d321871fcc6a93bde314e778c9247b1e1286428dc2d77b8d9	0.00217647638171083	0.9553906190699192	0.04243290454836996	145	
e602d40814c690e0247bbb7e3debaee744ef797155e6723da3ff995656b1148f	0.007123024324298385	0.9262664730477511	0.06661050262795047	155	
93af6b3f53faf093ad25c33e12037bc188fe701f23e2b1c3397c3ce3cc97266a	0.0009908907703296544	0.0005799009165143445	0.9984292083131561	200	
e69ea5e247a333be7d46a77b2e676192a1f08c4a1a907092f5d0e9f6a1676e1d	0.0006274579111785313	0.0004570648193325021	0.998915477269489	139	
c5592c147987c66e11ba483ee46b03a6b7a0e002e6c54e12883974fef98decbb	0.0014182328813913884	0.0003364003537033292	0.9982453667649052	149	
eb6d41178ed0f7791f4fb00badae8f46ce052c2ca2b7933968ab204ddbade61e	0.0024838366622964396	0.06219987598596239	0.9353162873517412	170	
e8721a0706aea157db178545c3ccf063cd7cd480351b0e9c0cb2e2cc9bdb225d	0.002353908028350299	0.10857149607983854	0.8890745958918111	109	
f2972745ba6ea89a399c32e08017e8469e72715d43f35f6dcba2f152277703b8	0.0014763589425615248	0.21727869246287798	0.7812449485945605	119	
90c752db42ccb7932654a235ee66ad0ce72a55f04a15c3289a1a6da89629f5ce	0.0005464800027935571	0.9623840914517368	0.037069428545469595	122	
05054ce09ae1721d89aede864ed07a11aa5a04538952fca810fc5b3811b06130	0.00019833658237766868	0.22083537405354672	0.7789662893640756	189	
353cd974daa007ad43ca4de2dacb3251e04f6ff76d3974075b7959f908bef021	0.0015158206041273076	0.017241172308239395	0.9812430070876333	221	
9ff5521a43e96e926b3a0ebb830f4d1fb38ec6b4cd6d15eebf90f0515abeaa3f	0.0004604221980317318	0.003329799937606247	0.996209777864362	148	
076d6d63d35620438f124e8ca8dcfcc81c6cebb00b46dc434de95d5270ab87f8	0.0009331317197264373	0.008422671822265273	0.9906441964580082	116	
b7e12814185da19553e6405c400a1dee2a3630dea23ba2050acacc884155ae41	0.0009645813238629129	0.009241169354094116	0.989794249322043	86	
cef04621ad4325e06296d5d43aeb403ad88ded8426007690baf20246aeb09a7a	0.0006236251521395231	0.9910952983583162	0.008281076489544386	303	
a293a4c83fffa8da91f47eeb44a7598eb7e37862f5753c0655d638aa7e27e5eb	0.010508146563082535	0.08865052882576782	0.9008413246111497	234	
8131b783c7f96f5f53bacd5c4905f8e173e08b3ad32f5d1b34a67fe98bb394d9	0.000977322057878217	0.13135441065884151	0.8676682672832802	215	
2edc7e5229d72c4584abe85eed4d41dce2765514bef29a41c3885e422b38fc07	0.007198914122191003	0.01032148986715013	0.9824795960106589	228	
0a9fb5c20654d5f56f95a368fcabd38a249137507eb821875b5826b6f9bb2624	0.0005284237694595798	0.032040639210578814	0.9674309370199615	271	
061258c26de96e176252ce4f4b07f42880d01d6d47af89e336636b2996855343	0.00020312461711797893	0.015117362893705693	0.9846795124891764	202	
cef7d26ff7c5a7a62f4d85903f0ac0f86f2606f0721a24f7adf49f810dac9d96	0.00016232166924336723	0.000543513019679413	0.9992941653110773	183	
e075fa6eb9fc567c713ff0fe20619c708a51308d842a38e731572f452cb8bf2f	0.0001798163687912762	0.0070832332011218435	0.9927369504300868	196	
1d5b1c3a75de8e5375672156baeb7dabf48bdf608de390023d6784344b67fbc0	0.0009919314058998397	0.0003070827778886447	0.9987009858162116	230	
c76d0ae1408819efb1d18125c3d0895d044231af79d20f31726ef65f039df921	0.0005583059105720963	0.0003521103931941423	0.9990895836962337	161	
bd85fe6cbcaab3be335b9ab31720b3e1248ab25517d7f8005f652c613c332499	0.0015481003263268713	9.524565413149578e-05	0.9983566540195417	142	
83b96175cd5580f8484f38c3e863a7cacbe53684914c58e8f64251f0122520f6	0.0008495936234488411	0.0003378903309191698	0.9988125160456319	155	
966082b8754672cb912c5de9dbb6b36ae105f4f6e516e2d15898de796e1204e8	0.0049432008768636355	0.8053856914777184	0.189671107645418	204	
d966bf1649adc817bf6cf303c14b2c6ff78ba2d42dfbf6c19d73c053d210a61a	0.002122401873772419	0.990126371111017	0.007751227015210772	135	
7007b258149b6d9f15556f06c80e241d80e5128db8187bca000d7a333f71accc	0.0009602881837394154	0.005208651633526757	0.9938310601827339	116	
3593e7bb371ac8543aee59fbd11214b90784b6205fc1e1873caac68dff184377	0.004171814307558428	0.917873857689378	0.07795432800306357	129	
05fca6b1e21d26ea7f66e53b780c09da514e5092aea6fcd57ef9126cdda6d6a8	0.0006688151795025555	0.0002852342313443724	0.9990459505891531	198	
28c335ed50094c744869101d0352e15a095a714584f431151588c73507b2ed0f	0.0014572285625222192	0.00023530716941343497	0.9983074642680643	129	
71bb8786d0db4c480dba1d740f2614ef3686bdf5049e31737a058e2bee21543f	0.00047201416969549164	0.00013319382664387568	0.9993947920036605	110	
d403ef273d9998186abb82440cabffd545f85886629a100ba0e156cf70486957	0.0007789997398626576	0.00019213994777874264	0.9990288603123586	123	
2a5126cc4c38ad2adeadc889e97911474e3015192bf52840b8e2189aba8a968e	0.0021987148148318657	0.004889894384455348	0.9929113908007129	168	
9af304dfc83a28305552542ee787f722ff64e70cb76db2d2b9ae6c4e4903a25e	0.0008913952963257969	0.006151932092278805	0.9929566726113954	99	
55f3587effe2ff625b389e32ce81e2bb25d6eb8b2cfa1d2298a7e62f6682b6f2	0.00037848308388576556	0.0009359680221341781	0.99868554889398	80	
9eb9003f9a3b581d11ef21ac2d95a29262b59642819cbede2f8fa420b7a36149	0.003237447553253696	0.014500530671233358	0.982262021775513	93	
54b42d9453048453c5514d7ee2169238281918ce828d1bf56f058a0623bbda93	0.0008150772287690782	0.9961657194450119	0.003019203326219037	150	
b625f440376461e1a028109bd135a749afd875b3da3922d01247b87177dd1f3c	0.0010768064390643543	0.9945115745692051	0.004411618991730341	129	
e5fc4a734f9d8218c7934bf53354bcdf78685dcbe14ac4b74950417d5b552eda	0.0036300304424230247	0.9779608456711965	0.018409123886380704	111	
243c1a111e420091d401f354c74f59f329a22695de7a3a64ea9340cb44c58c47	0.00018996430176169862	0.9947691722127675	0.005040863485470814	217	
0fd1b26be0a2a7bb5ba1c2e6ccf6f24538dde0c73815d68d6a1390fd813cf8a9	0.00016395071229476305	0.0963722973300071	0.903463751957698	196	
387f01fc0451b8e6a2aa6aa1325f4d6071d210bfd293345b52e9781224536465	0.00013160521584497663	0.9878020198009115	0.012066374983243406	178	
f192206c1cca5214986d70469f47a80e55d8755ee319a7e37959a2d58c380b01	0.001983184935949575	0.9839981474752413	0.014018667588809154	249	
ae8dc01a0688428348269f926c25c5f3be57033c4f1469101ec25805b489bf72	0.0010472220791102954	0.0027516902709258475	0.996201087649964	228	
57b5ebd9182faa176bb4b301fa7e8b043a52ad5561be155ce4e609ee08f96cf1	0.026108561401295173	0.36688347938909166	0.6070079592096133	210	
a990e4ed7503c36cb96e7e01841fa9d806d1d8aeba7d80e5d8718f009f262941	0.0019728327294070277	0.9797026780305013	0.018324489240091744	176	
abcd7e94a7d8f71b34565e7ce0a2ab140ae9b1e9f6c37d3f3185cc0e9bf3895c	0.00039999720387205886	0.0007256103049444637	0.9988743924911836	155	
026fc14d9b138864c01d1fed8acca04e036feb25f6bb13c87af6619bb7ff59c5	0.0008320831486700571	0.004342172564561326	0.9948257442867686	137	
0c07365c59bc0dafc9dc30defe0c82af5154aa2b7fe71d857d4c4e925696af39	0.0036756986518185365	0.9859041830248491	0.010420118323332365	144	
4b16aa0f8ab2db7385e9f21d7c2540cc8491b00f9817e601f41eff16971be615	0.00039506324102090345	0.00038789367010529975	0.9992170430888738	123	
ae607af8d9176cf0eed1cbfa94adff1a2d3f79777456063ef1f5a4e835b9c821	0.007556683315446399	0.9749740121754308	0.017469304509122728	105	
e29fa289c728987e46f3a6fe7e2c9ab70e54642c70abf4f7eb4c789615529b6d	0.0007614468146667178	0.9939615110651653	0.005277042120168178	114	
2670ab7e7933b814de445e844d6fa6b597098a5bbd62e68d731983256095eba2	0.0006762345450117711	0.04507535404553077	0.9542484114094574	93	
903246365882cfda612b8eeca7e504e1c44d937ba07a0a70748de87a97d14d97	0.007162778726636259	0.6733081867456714	0.3195290345276923	75	
210ab98b6f08819e2165f16d7e8b3e71c54ed334c7395179642e7e9b47841f99	0.0007132187082318957	0.984017106124901	0.015269675166867067	213	
66b16d80198d5da1f1565c4efe10e2d2f73764430da55dd64b7a63b8d1a643ad	0.00040948453651494694	0.10217366051358504	0.8974168549499001	170	
34cedd6a1b956b040e3c09e449ac039545bba58e2203fe9839e0c9e2500efbd3	0.0006170171704184677	0.20568579308674284	0.7936971897428388	187	
18112ad9dfbde1744d8e9aa1581d7899776db22c7d19bf2e7de9565723d6c2f7	0.0009148981736770285	0.10891432404802225	0.8901707777783008	166	
40647ba90ee6b1f8a07638e41905ca20e8578e1e6f81f5431da854282bda91f2	0.0006256817213070529	0.0011785279916204717	0.9981957902870725	245	
4b13a121cff7716e2a9218ca25efb5163f50b1626816dc41931345903b698f2f	0.001940110737613204	0.0012476686060363072	0.9968122206563506	202	
bd1c5011f48e262949b3e6a13fce1a2c00abf38ae6231f9756c182e5a6b32258	0.0008294697733881123	0.0010027140935330104	0.9981678161330788	219	
029e9a31315488b1210d162a3e0c87f976df24e97c00731b947cf74334af82ae	0.0006112213582686148	0.0006609061438420232	0.9987278724978893	198	
7366ac4c82948d2662566f8a3a79e0c4f4eb35c23ed6d700e45a5c3aeed8f2d4	0.0005530593773473169	0.0012209962338908336	0.998225944388762	172	
a785ef9685d234f64517a7cc3f06c2fde3d0da97a764996185806d6c9d72e92a	0.001439215731884366	0.000903239946820086	0.9976575443212956	129	
2823c4511f35857879212300dc55515d647e01bf7e9afa26a91cf89f254cff76	0.0004339004361383591	0.0006235317517692413	0.9989425678120923	146	
209031085a24ecfe12a1b0ac0e9798738d72d8b9f831b7b6b98035e336ef5948	0.003622975838646458	0.0005552383036061175	0.9958217858577475	125	
98c88a4fe05afc865e12e3f05c4fc14d0e5ab2bf2894d1fb6eb85af21704a925	0.00152841525133333	0.0055434843311776135	0.992928100417489	146	
564d0e72289d4ff69bbf422a923db5a91eb5bb7987ee772e705a1afa423689e6	0.7739258410706071	0.06790127029199589	0.15817288863739695	103	
eafaaddd3572f9d39451a31b62ea4de00cbbdc771a72ab4c6bf7e6877d25e76f	0.0015803394541977925	0.983134885786901	0.015284774758901422	120	
af807cbe2544d335bc6449364f4d43163c6c5d4129b96d6b3f91e24642a11a11	0.007398883202087487	0.20167538629971657	0.790925730498196	99	
d23e253fbf29ec08943cccb07ad1d1490434bb191cca0d5c19bb3a0d4fc01dc9	0.0007998033464906422	0.0004598370292124526	0.9987403596242969	140	
f9a2357c852edc1c1f9821cb5e6171f6837ae530d3f56a3a82d5dab9a960f6c4	0.010075528075356733	0.0010534776293923125	0.988870994295251	97	
7891a81b9361949574a37661d62d49a8dffec5daa83bb083cb43949a4bcffa2e	0.001080205996760145	0.000438833906971953	0.998480960096268	114	
a04d72479eedfb11b25f34767673c553d4856e1c172a057bbead3d5987a6db40	0.0025153673388302513	0.00028700853854850776	0.9971976241226211	93	
d2c43cbf4287c9f95586724d034e818204c2e73128c00fb46eda92803ddea018	0.00041143045615276206	0.0008175871603182722	0.998770982383529	110	
32f937384fae1c68eb483e5431dff493a77996cc56bed5e77295d1906c020049	0.012478975168526033	0.00308820591221863	0.9844328189192555	67	
385b1ebef65593988764a3a1eca369f5ab00896ed848de4df5c49f10262e505b	0.0004082132511454515	0.9944527661012543	0.0051390206476001525	84	
f31aab6505e9dd11d37cd81115acbdf37d734eb452807ec83419123d8deca4fb	0.000260806408321563	0.004062409343695051	0.9956767842479834	63	
2bdb3dce8d79a176f3d760e2dae29f72441bc398bd25d9e7edca329af0ff6020	0.0009086894361025373	0.9975087338744348	0.0015825766894627127	164	
d9a9241c3fd83b52c33bc7219ec418f22cc0d360b1fe23c06498baf33a4a43c6	0.02744571485128304	0.9461498719224773	0.026404413226239452	135	
c3747f81e2bb2286b81f9b35c37a96c19adfd21a494e23751d74164278bc9b95	0.00028623940428576695	0.998327551807812	0.0013862087879024244	122	
8c01493885fea1e42fb3036f6b4cba6bb3b80d5aac6d7d7a10ef5c076a57f6eb	0.028378878758976295	0.0011336855512146039	0.9704874356898091	124	
47fb4b1cf67513cb5ef5c92f327e5311e9432d328953a3c602e574c654a13365	0.9971990867253674	0.0015981574683447037	0.0012027558062880864	95	
30d0e9c94d934fa01048957d0bffe02dd6b7b55f719cadb0769399b9dc3969ed	0.9837390711514902	5.379765095442128e-05	0.016207131197555364	82	
cd93958b05688a44688d2cbe3da6fd4590bbfc295c80cd018116d6ee12ae258a	0.0028526846246667123	0.0007192942570230399	0.9964280211183103	201	
912818e90e009b6c0007995b11f4b44ee486f09732db225d4ad6765b76fa26bd	0.0009725127751095133	0.0005916048251413383	0.9984358823997491	172	
58fca78a501fd02f23db8e37dfd83c46e3ac7fa6f3b94c52601922475dcf8827	0.9968184097497742	9.509225882702405e-05	0.0030864979913986785	159	
6be54937aa655e6cc0286a6fad861684fcd924d8b30afed3c433b1644f6aa57c	0.006271242518523612	0.0019938564502001497	0.9917349010312763	187	
404991d28e2768a34860a7188c263de86106883bf9d0c8c7db22905d7e1d88de	0.0020820664257631366	0.009748570293661352	0.9881693632805755	158	
40072376c1ad5f584e175cad4206ad433da4d971609e59c85db01808f30adab4	0.9880863735074228	0.00015060180869727995	0.011763024683879906	145	
677282f5c55f7872b47fd46496729ac63a1f57a61c02ed7263253e24620fb7b5	0.9334161391879178	0.0015022997707545903	0.06508156104132755	166	
eace91481e6cbcd5175b9ee11d0cfd8b5fe9b8ba485535dbc65f9e79078a182c	0.5369013155072726	0.4103363598781076	0.052762324614619716	137	
91bef46584359c8d2ddd22b9eff47a10678a0e4ae23ca15fddaa7c77f7c878bf	0.008119773547614048	0.0015966646741023198	0.9902835617782837	124	
d0981ddea4a1d682e5d4b297ad012e2f47d8c39281072f9ea7456c1299689f93	0.9950142064436218	0.0009928003759801592	0.00399299318039814	177	
55e77133d7481d9630d3b3d568583ccd69abf76c63ada3f9fe40bdbd393f47c5	0.9964372318445615	0.001101716183189122	0.0024610519722494473	148	
cb17e023635af68a8bfec22fb3ccd6e07e4f0af840efe4eb99072067bb61b7bd	0.9920757539895835	0.0005900747880563531	0.0073341712223601715	135	
68bda6f64693e946be770d0e4068de74e6487ddb2f9f9cd3194729a8ad94996c	0.00036956988299884596	0.9940265705457283	0.005603859571273009	143	
335656837dcc764d6d9ef959be38b97e0ae510b8e1939df9746461535da46ad8	0.0018046250820157228	0.0009871045654174207	0.997208270352567	101	
5f6a5f7e5e1ce819e198e81febe9fcf37370b631ccacff40a4f6f61b40cff61d	0.23569943411609875	0.006060431682922709	0.7582401342009786	141	
c9f4c0645b2ff10c6daecfe1ed2086fdad741be0c90f399b2c9ea0db33fe21e8	0.001714975411821727	0.0010795009165904827	0.9972055236715879	178	
f6e13ab3eb9509888a3eb1ebdde2f9887be97aa939484792f41225698f175cca	0.0005039912790648427	0.003405383284543172	0.9960906254363919	164	
15f1d1731b47ae61e6701c0c881f3f76030eabc2615b9900229ad027fb8cc233	0.008714179689408146	0.001516751877468165	0.9897690684331237	154	
933122a3601e7559333be114d74f8e66945c05c1a8e12d14045d7ac367101752	0.00040335482128677977	0.9973022846330807	0.002294360545632446	219	
bd014f92e414ac1963805e2475e212ccc34f4f96e2ba6c3d7a6e65297274cc12	0.0041430799412092685	0.9826784588998387	0.013178461158951969	192	
14cd851bca1bedfd5be7b34b218590cd14e190295b1ada9f1c5c57d099f2c138	0.0005443254250270396	0.9961446270597789	0.003311047515194182	200	
c328b07eb0469b7d26ddcd649bab0181eac887e9bc8ec5447775e3d158e1b4f0	0.006702040078029305	0.011855316829588212	0.9814426430923826	217	
f50a950518c160b6f7efd51f4e8df8ec760a9c7b501192ccef003a201bad1081	0.08507013445795342	0.011378446707137222	0.9035514188349094	190	
2b2aa9eb55e2d20f59b6e6d2e87d8369a47f7884bdcaa761440aada1c3bcfbe3	0.033516452592438906	0.01802829232821963	0.9484552550793415	198	
db17a883bd36e9df71b2ed55dfc988dbb4afd51688c1114bccbd3666fda3e0b3	0.0011986255596769689	0.0009308837473442174	0.9978704906929788	259	
669bdf5c489c2452f75a60cc147e2911febb0128b33689d7c44f21d9a2e45c9a	0.0006632284330200743	0.00033619725309880054	0.9990005743138811	232	
2f11e22908d885a4092efc6d5a7e4060ef714113e2fcc608847c3bf5b6de8c73	0.0011015906603702166	0.0003314494164153006	0.9985669599232144	240	
9db6ecd5bf00636275938838e45357f58b39f9e0aa8e7aa0531eca18059ef98e	0.990795902827434	0.0004891822468011959	0.008714914925764962	210	
3ec9211bf0037e06ee053d0c4e0b1e4c8e826824a28afc6b52bf0fef8aa8e428	0.9960894184640208	0.0003321205790241731	0.0035784609569549527	183	
352ec9c02a2f36198de285699ceee8d90fdeb3eb066f9ffe070077179e54924b	0.9983451402294636	9.977886675029855e-05	0.0015550809037860052	191	
68855d78cd3b2159631ca924c3b8c5bae1e76a4a952a2654757fded37f122a66	0.07070264902234814	0.004150873119446636	0.9251464778582053	229	
a72e5fa87502504e5b0e8ad5bbe40639a443fffdd04a7f2da911b4644e830e40	0.7856667506571355	0.002108553994638771	0.21222469534822588	202	
bb227ac1ebf2511f51802d64b1337ba57a8250ca1cc4326ff4c87980ab565c38	0.43243891273523155	0.0029114224491081156	0.5646496648156604	210	
c526ce2a6525070399aae4a379a9495505a729e2491196c5277cbe129fd85870	0.007767846528201621	0.0011261761253654604	0.9911059773464329	226	
ef24e498bdaa4fe2c204628cc0043d7594f7f1002f10d815d4fc5ac4045c441a	0.5704171979882062	0.009786651782478822	0.41979615022931493	199	
bcc2c37c31cdfa47e4b60771fd2171212f4503250bfeb892a117d9ef4d283485	0.6522374539043378	0.0029969439594806934	0.34476560213618157	207	
0c66efd561a26e024ca71297676a0f185d4f186ddcf266e4d4c1e9d31d76e501	0.0006742375151039628	0.9892949503173801	0.010030812167515937	230	
2076c1944f19bd6c3a6f21fd08636257244139a828a73ecefff2c49ba9676150	0.003783359646325119	0.7778867236552679	0.21832991669840687	212	
14699e423b1aee8b96541043d87e9e76401b91b6d98189ec1f713150e23c59f4	0.001644724767539962	0.9260961597767631	0.07225911545569702	201	
d240dc6e54a50a70432be774bf2005b5181dd38ff162a5e74634c5cba82ca058	0.002998917960371675	0.0011662001632423585	0.9958348818763859	218	
ecc84fbd666edf9cd2b209ea1d8eb54457f4c30ce4dd0b340a5eee077ca2000c	0.10013739176055346	0.008836371930457552	0.891026236308989	200	
a4e2e353c2769f7970c083586b760cff119010713d0fe9700ddac51bcba98129	0.990337320839033	0.0001017129560886388	0.00956096620487835	189	
4a3cc78ae1619c29db26af47e47d6309818604933e551d372d986337662348e9	0.09266593657104093	0.0009670495434682135	0.9063670138854909	220	
99859396b5e5dd24c806d21ce03de827e460628abfc9409a8d61c056fa0077b0	0.992223634121853	0.0002649186446058974	0.007511447233541144	202	
9efe2886da4c47b30ea26d3e950e9677a643f4e075584bf96cb4948ab3b4afb1	0.9976297758469466	3.195695337381927e-05	0.002338267199679782	191	
02c548cfd90ef330f1bc816b94775893193c8cb2bcda7fc8df71ce2ba8c32000	0.0006663704827862272	0.0002712152707418571	0.9990624142464719	260	
5f6346e741db1faac02ce5ad72b34e3dc45f4ffea46432fb1d438bf172629fca	0.001180494895893992	0.0003734984440372603	0.9984460066600687	242	
7a768da0f4e4e927fcbae9362028731f82e90cc78eb24d9c44c58b6ba7986d49	0.14202336150520598	0.0004347910878985603	0.8575418474068955	231	
b295197fe142171962818d8f202e89d80c25f19b5dd1bff44c700d03cb29d6c1	0.0013593646626641426	0.0005522721924429086	0.9980883631448928	211	
5935ef3f2f58b27007e9857c6799cb6b6ed736fc8541275ce0fd9b636d88c124	0.028161258397919307	0.003848856469401668	0.967989885132679	193	
42200b17c4746f16ce403fb6d70d42daf285d9fd534f12f840d6e6fda521b323	0.01042543031678219	0.0005381056463017585	0.9890364640369161	182	
f2f143a1e0f48e8c736b60f13d755bc5e7abe15fdfb2657b946697ca9e478365	0.00039816739188189716	0.0006484006726272968	0.9989534319354908	227	
c15c636594d43a9560ad4d2560b3634b0848a4a374804b03f5570353aab5134b	0.0013622472766528064	0.0016449979639717165	0.9969927547593754	209	
95c27681d64a6d28055bf203743842df3bb0be925f3d822b1cf07a81e35f5ee8	0.0015520161652086896	0.00043643811547705905	0.9980115457193144	198	
4c80a88bc2a1b776fc2e7bd5f5d39badf0fe63cf27881382f851bdca4ff77554	0.004385445702455271	0.11584439405601613	0.8797701602415287	182	
9b86bae009addc714bfee11eeab7c34fe3cc8b7600573ac2433c570f6eb0fb33	0.008001064604768194	0.0006202046263872834	0.9913787307688446	73	
71193cb74e3394bf1690825bfb7153883e522b25c0e6886de666cfcc0bf56f20	0.009695562722404663	0.001689313588808868	0.9886151236887865	107	
cdbecfd6b8d4970cd7728a4922a712172008455b513a94af5e5ef3dbe76c525d	0.8169414347244369	0.0016532515886032932	0.1814053136869599	65	
72fbd53bb7451e99726861b8ff15acfac062adc76f54c2a2d2835384dd6b4326	0.0036327412854852466	0.0023523475071732204	0.9940149112073414	118	
b4ad7f96c316dd3c0235e00c64d70170f379abd2a7dc732a24acf1da16db3901	0.005894811487274286	0.0009244996855897071	0.9931806888271361	98	
01e20ae9d0c457b6a60f1692cf27dd282306b4a9e43fee8ec85d7b9320d9abbb	0.0003887637433325531	0.9848315230010958	0.014779713255571572	121	
91e81efe3edd228e843a5d9676b57284df5fff4bc832a7d32248d5e3f95374f4	0.0013076208122682598	0.0005727347058680771	0.9981196444818636	185	
e58ab695c97265e19e4279df33df0183911ab01d274f1837bd20735f57f161b7	0.0009680319888989486	0.00031101517688256663	0.9987209528342185	76	
4724d1f2e5acf9ef3352d1df6ecf431e50552c773febd3d3374baa5773f20cfa	0.0012923870482624588	0.0004509935095011173	0.9982566194422364	110	
6658ee85791c72e98772d0a22449d5918331004b486f5765ea6498e91482d663	0.00017095505295209885	0.0006916963906223965	0.9991373485564254	68	
05236a76832389fe6761f855b21e04bcd81d9fefbffea3c080ef66ede6209e08	0.0014480621669630822	0.0005267749658666593	0.9980251628671702	101	
18188bea08f0e1355dff991da9310583aa1a3c9d1ab29e09c7e1940b25d91a31	0.11594373827603915	0.007030166409606985	0.8770260953143539	195	
9a0883574882ecbb2ebde0a51413645df97f74dd351f49cae005a2f93a28438a	0.0026456645384311667	0.000183049627243412	0.9971712858343255	88	
f963dbe0a9c30c550845222b61fd190fee15e5d823389a6662fb22037da69a6d	0.00918943749361523	0.0005281954774191885	0.9902823670289654	84	
998cae0b4dffe9f6c8493012a68210eb26f8e58b7406ed70265ef1f43e6f74eb	0.9970839529963832	0.00026403958833118155	0.002652007415285609	115	
b1aa4ffa1200ba6f19c771665cf0e212bdeedb8c64c3184a265c00b25e608b77	0.07788489768299045	0.0022907822877562566	0.9198243200292532	124	
e370991ac4ce85c72d202a74cc66900d5f45690b050bd05ac91ea77c4847bd27	0.06964498326666657	0.006818989440156516	0.923536027293177	252	
df7ca20a5feed00091c73256c655b975880d9224f8d2aaff0b5693f6b2cae582	0.0034388703592566094	0.004757618306049388	0.991803511334694	145	
21ac3b6efcf9d7a0fb50791b609b105d52aeac244d797877fc3784f9648145c7	0.00457939302708463	0.00033749677262963454	0.9950831102002857	141	
c70814b156faadd95b86700b99687a4b24798c56ded9937e96e6fd20fd672263	0.010603199814824514	0.004964563887952789	0.9844322362972228	172	
1d5bb7dfbd3292598b7d0a8aa213d456f3370b9623c1e443f3137ce25e457081	0.008064527578786911	0.004989317671127743	0.9869461547500853	181	
363b9024eb5ab4305436420994142c36e6123aa147a0ff042aba6278eb432af5	0.009703295656888208	0.0015138777431568306	0.988782826599955	241	
b827baecbf7716bf49a29224341e8c7de1a1fb1ca0c7aab97f06c9548cca0e9d	0.00353941837281722	0.0007790034986016317	0.9956815781285812	134	
72dfce88f82c742818957b8d9fa6b4d962a0b2ce2a7ab778ad29bb41e4992828	0.004220935712452453	0.0006125944234130772	0.9951664698641346	130	
f03b079f1ada926bc2bdda2df072ac2c5487d97dcbe66c422c9e2374773656a4	0.006567498410502137	0.001081339716918757	0.9923511618725792	161	
a99dabe15a0359f3bbfd158ecd3f40f7ae2984ddde43928418445e08dc5d4d23	0.006471984020809761	0.0015877389478752841	0.9919402770313149	170	
2b1530c7b8fb1b57272f6cbd3713a6ed071b9729a3c5481fda0d9d9ea4f59d5b	0.0021185869039685537	0.0005990843563808866	0.9972823287396506	278	
daccf37629fd8e2c4ce817765a081cd5a594f53620257e0ee57075be7ff3418d	0.0010792657364876192	0.0004884560498634063	0.998432278213649	171	
bca56e7f2d6eb701f2c8973d5cbb705123a24b7494824e48e1e523d17532a127	0.0014237609985748034	0.0005058681900801362	0.998070370811345	167	
70bebb71fb364f77815b463003c26791d3876ed138739d3dfd79d6b65e2b76dc	0.00128623869556644	0.00044653549602326507	0.9982672258084103	198	
ba2f3302b8d93794dc9586ea7341ef719aae7a0b9ad7d18cb290705fffe11065	0.0010581036758674784	0.0005081157507451608	0.9984337805733873	207	
46943f81e227cb883f48be1ad9772b1a5a519b99f6aa5ccd4624732add055092	0.001385058947080653	0.8747869380624792	0.1238280029904402	251	
2d3a8dcd040ef3df86466a1d69424c4a823ccc1e2bf2230f78b4c78033d3de69	0.0010232170853974422	0.9901574106141512	0.00881937230045155	144	
a891e56358eab968579f4222d49569946560f13d4b42a794b1d1cd05ee0dff3d	0.010164282278790876	0.9741351662023099	0.015700551518899205	140	
08a00a3673cb64d9fe8b8fa65d58913673ee709d5a13f99763b2b3c397925290	0.09331250833748393	0.7413073765842885	0.16538011507822759	171	
ae776348dbd063eefa94c6d5fa0ec5e8253165e26145c5c2151f79013fb4cff6	0.034875569823867726	0.8879620651913883	0.07716236498474403	180	
e5594bc164aab4c3400df28e6d778b97115b85c22197ee2d97fa1a5a2a9cc23e	0.46918109449230627	0.010398162971753978	0.5204207425359397	245	
896c35d2ae5db46c55a86d203fdd48bb1735e6d13db0261c9f704eab635098cc	0.007071360465373969	0.0012042597877301594	0.9917243797468959	138	
72b7cde8b07406321e788f6392c6a0e7f3f124578b0c528b154b5fe90e38f0bb	0.18102200500179272	0.008388526322590477	0.8105894686756168	134	
ef2773fdebaea169fef5b95c8460e198a0e37e3220d18ee4fcb739a128a31c3c	0.26174214921319333	0.0015961278584160996	0.7366617229283906	165	
360e0369d6ec92e8b40c6a9acbebfa79e73c18a4b4e0d6db1b2b02aaf489212d	0.08336327891320951	0.001332204365300217	0.9153045167214904	174	
2c1e8d652a529d0b2dc31997f902afe0fe3f646ea8639960c5555d693daa4fdf	0.9514491919391393	0.001566526084231632	0.04698428197662888	133	
fcb0c135ff23a389e25b7651eee778108f2a36ae4fc8addc9e13f52990c0e75d	0.01169558569000385	0.0005573949970701318	0.9877470193129261	90	
390a7f5c46355825d68285bc9975951809ea2fefddac5a55878ae89c895b3e87	0.058632163785642157	0.00694880671525349	0.9344190294991043	190	
5f0e8dbced7634c4c1bc91601b792a3f40c31b26c8d7ade7b44fda63b21140a5	0.003339139339766206	0.0007849275651442281	0.9958759330950896	147	
828970b2b423b3701ac21f7b9354227cf6ac1eea5422425db65affd5eefb7326	0.012013294649170312	0.0013507015673818335	0.9866360037834478	179	
4ca37bf55f2fcf8c5d3979d13149f6125b67fb92849b08dfd92f56758b3eee7c	0.004230062798055773	0.0007731676255617636	0.9949967695763824	136	
651f494a29f240de54c66c5caa071ab9b00ba8c38a440756bddb5b5f070a25ff	0.002170440812596478	0.0005183744834610491	0.9973111847039425	216	
44ee0d8598265c69a6ae263be9ce7c0e6daa3c7c30c4b9d0921a0cd17b40ec09	0.0011655214461843786	0.00048476223083259736	0.9983497163229831	173	
baa1c6fd9d44390777d9847970ef8e57424c74fd4da46043692a0d5969805bcc	0.009451541451555433	0.9644915176479382	0.026056940900506406	189	
f422736e108d0f487177ed1ec113a47df6fa9f4873372160d7ba4908384d46a9	0.020060873076529075	0.9446748573110467	0.03526426961242433	146	
96a18a52b2c821cfb912a859d7172ace9f882da0910447fc9ab09e0f6e3cd683	0.488925260118143	0.0034627842914246487	0.5076119555904323	183	
2ad5434a0374f4ce87d4bc2a6e83e1d24f173bc52e8a0ecf23ea5c2ced8fd27c	0.01324094878427018	0.0017413882508440439	0.9850176629648858	140	
7fcf44b02b718f9aa5977dff7520d582ea4a161981a65b755ee0fd4c737bb98a	0.0012865640124953232	0.9919013745371654	0.006812061450339494	199	
bf889cd071e0b383bbced56f90448d8d96a3cd9d94fa0ffbf9fdd59b5311969f	0.000765269438988253	0.9882119435880533	0.011022786972958484	180	
fbf68776e59065b854d1f2777766f62673592d8ffb860c1dbe1dafd932f1e41e	0.000545312319982902	0.9960811316547922	0.0033735560252250835	148	
2bae15413f2c33f7b4533f734c37ef0a9fabc24b1cd945fa75d45de7a50aa97c	0.001596993363496246	0.9919133797558043	0.006489626880699409	188	
13b80562d453dabe6f57f4f1ce2c6cfa90ea00d30f50ed879b9f838adda6a73b	0.002134209810102001	0.0007629150924598198	0.9971028750974382	169	
44cc6734fa9bf5fd159d55642550907548757f360175e0a205252d2a73f67299	0.0017661386610899048	0.00037146828836534605	0.9978623930505447	137	
549a1cdc495a52d0f86a1431664d91f2ea31eaa88efb845ba88737747d82b1b6	0.0008555234219856028	0.989051310312268	0.010093166265746417	225	
05b965e834c567041aeaca08bb528c24bba536d94011446931c77b4e0aabc1ca	0.0010091714709462107	0.0006526524929326534	0.9983381760361211	206	
65982189c82a9592935c925f5a0df3807cc000f2e0ec13632a9cee7880a39314	0.0007656854925786827	0.00045123060314087367	0.9987830839042805	174	
20ba38f5fd2971f36878a974e8d20346efa07530075098bd44688e2f93a919f9	0.0005567462901610611	0.9949726462301723	0.004470607479666592	142	
46c2675d8f89fea1005e14055ddc7a7f8e3cd310953a12f4bcbe62689b48a71f	0.001454645187494657	0.003062164026980189	0.995483190785525	123	
ac6c5e3b99a9c2d7583e8a15454859ac864a0952c17826d63bc2c31c2732e0d8	0.0026649893608902886	0.0016971220350611544	0.9956378886040487	91	
9b4123d922ebd1993f93ca12e14abc418ca51cacafd6de1c17e211a324e5a012	0.0007119571973057018	0.9958824542228004	0.003405588579893851	198	
c25e7c5b43bb325dc20b71625d0fe7e33b997a21b806e85caa1dc43025517558	0.003958360853305885	0.007046306094851095	0.988995333051843	179	
bcfc564fe2bcfaeaf85b43e92973fa26850a21b56a8eb0c4e7211240caebbe34	0.004070028371641157	0.003055332571447859	0.992874639056911	147	
44356c826f2c0b8546d15f3d0db24847e17abdbddd151ee5bade096543901289	0.0014640836140292495	0.9947030504957662	0.0038328658902045767	192	
4fa18e0e9ccad3caa4f9e9008dfd69861b1ffde5b60660baaefd07df26dd106a	0.0026816983538556632	0.0008385699938811062	0.9964797316522632	173	
685c54f082a4260e0adc5aef86616e4ddee3a3024c3cf817105022553a894195	0.0026271962874763652	0.0005344963406993251	0.9968383073718243	141	
88bfcae74f13b2560742b3a2809f742b1e40c74f9ce092ed5dbe856c28924c7a	0.006872433379427568	0.9827221051254431	0.010405461495129378	151	
781dbf884f3fca2291d7cd108c9edcd462277030bf7278f7a4f3d0f22d501f4d	0.006969235782415904	0.002604001121353607	0.9904267630962306	152	
c96312d3c56376890cd935516e9f23a654608505a011476c33d6fde1a609fb35	0.009680020523019578	0.0013653141165682258	0.9889546653604122	141	
b80ea1419a4911e3c1450012d06fcd5ca7a7a0ef6fdbb684098ac7609fea3a34	0.0016198738590475405	0.0005118809337364772	0.9978682452072158	178	
a677bbc65204d39325b79cdb7031696a36ca2da89a283d07b1d4a445e173f623	0.9897128132130637	0.00013408606622232385	0.01015310072071399	95	
e5d8b29705d99eafa2e3ff648239ae070be1a835cf2c2042ae3b2c228280cd01	0.8774228305496233	0.0011934482053223552	0.12138372124505432	145	
f06552d51de1c10d28b79414c4af2ef017d1afa21735402ce10553e331a8e1b6	0.00100915020786726	0.9940822993264234	0.004908550465709168	159	
a2edf32c2b98e4fa9406e487c170ea0ef1999ca9c7686363baa9b8b86271682e	0.0020498470953804523	0.00047113995575689087	0.9974790129488627	148	
b2dbece458c55d2108d0b6b1bf21677b5ae3778c8cdce46479d229a181fbcb7c	0.0009637401959938254	0.00043111656755081233	0.9986051432364554	185	
f6f636718b225f9d066820e88b134c7df9c28c66bd6e206892e08203e6cbcb92	0.0028098507157010015	0.004521365686741334	0.9926687835975576	102	
04b6e4026c6b874982d183b79dc87e6d0f363760e96ef2d11169e06d392397e1	0.005245799000649284	0.006100654848091392	0.9886535461512592	158	
c5f8bf688271a2c5ed81e0fc6fc679898a5e0bce52a5faae5caf2eaffa2266d4	0.002754047567650947	0.0012789998280250852	0.995966952604324	152	
252c578a3317cf708ff8edc6befcfb323d55b3601d0473fec706ba1b02a249b0	0.6229147488688305	0.0007491322324668172	0.37633611889870267	387	
3fc1da3dc6715ebe1ddf1542c6c10e8c03e74f068c95967db2aff24599ca3dde	0.28409431397389956	0.010404172547149758	0.7055015134789507	357	
14acb1d691c4580957fbd9a355ac6505923e24945b9a095fc196106bde94dd1b	0.055662810049360856	0.004711608515142383	0.9396255814354967	351	
60d85be134d723632093b425e05e6ee41d9ecb85a98a24af98e2f2f3d666c0f6	0.9731197081104336	0.00118545938370105	0.025694832505865517	343	
d4e8292689c1ea42162783d35ccce670079987908756adeb4aba38b384678752	0.01105099217093776	0.0002606619578596532	0.9886883458712026	228	
b10e8c9dd0800df4a7bc31a7ea1e7ad9d2251bb85abdc55bacc35fcd59ea46ca	0.016904615258920345	0.003692691154586138	0.9794026935864935	198	
bd0816a6104d528858832f735747350747aac37f7f26c220dc36ad57ab808446	0.013554364230429957	0.0012641004682877222	0.9851815353012824	192	
c3146a1a3e563d2a273fc0e304c3d57bdcdfee33bc0952d96badd0f2e6f3be1d	0.9898776616418008	0.00022729586300880214	0.009895042495190498	184	
b429fed4fab7231ac1f0a3bf6a10b7bb73db7fcc8f9c6768873f2f10fde2ab33	0.007427036738461753	0.00023505681592639246	0.9923379064456118	230	
bd8d71577436e6e3d79fecc94a7d1ef4de6d877fced64fb226bf496e31fd0ef9	0.02540112118279408	0.0023638994385819746	0.9722349793786239	200	
4cb1dd7799141582d4fb96dfa68790beae1bb8064df2061668ff198d4fcc6958	0.011015231047456176	0.0008275101559660573	0.9881572587965778	194	
a2f329240e0b4310861ce07651bbf1a67802935f0089349d52209905e62181ed	0.9301071685354684	0.00045204282028609756	0.06944078864424547	186	
9d40bd90a08bab95a9c64ad71c980abbab47e65ac226e06d33298fb802ce2945	0.004391152805345125	0.00018197514014258373	0.9954268720545123	270	
0b6804abaee57ba83e63e3c7bb92017d7205352850a9a66ade01077ae9b8af57	0.0006203533017066304	0.0002145169295126675	0.9991651297687806	240	
f921631983d94b4c02ed4fb502a23bc6f909b0a89043778e5d740f1926a4eeb7	0.0007521479880348917	0.00021236527478529763	0.9990354867371798	234	
86a8dceac9307ef7debaf2522f0251815674c9c93cf7909c482390da76656656	0.0038780699981783066	0.0001724594045104421	0.9959494705973112	226	
d6993abc68f09752ef89f71ab12ad8364f6a573ef5af83a9856d1d3f2fb2d5a0	0.0878089295235224	0.00036634518480597555	0.9118247252916716	221	
0e3c9185cd43caee06845785ae6dca47f6d7fafc6db67c7a07e4c86b8e70a7e0	0.1318083038066607	0.002214401862119651	0.8659772943312196	191	
c50b71d53f7ada85ce74d7771e125ddd82a5b1831dfc7ab7c89a582dbce582e4	0.01137288367114134	0.0009294324279594869	0.9876976839008991	185	
66404f1a151f08198179f9f3e50475633f1021c9740edf2aeb3783cb7c97a658	0.9923053140435866	0.00012580512595872595	0.007568880830454755	177	
94c9cb5d4eac57710adf8c8d42c5ae053385e4073675b62af128c87984f1a23e	0.004057597745125185	0.00027487883032606663	0.9956675234245488	240	
9573d0e9414ec18be5856e255b0e7b68a6224c9e21853dbcb87bb918826b4f5c	0.0015342271616500796	0.0006098763867559444	0.997855896451594	210	
ea30f507417aa2d110d13e4b85d31b8a8070174c4f03f93eac89b029761fb544	0.001644920704666811	0.0006653765180864996	0.9976897027772467	204	
dee70d9fd12def7217cd0f38ffcf42a3ef63305764328b24828eaacd373b82bb	0.0029785094000847998	0.000581962866149782	0.9964395277337654	196	
8bff3a4b42fdada3436e70be9a5a023a8b3068e82b642db023790c610e5ae9e5	0.008188544478552143	0.00022253729577469873	0.9915889182256731	237	
0f215e1ee66c5e2bc061062ab0abfc932911cb02af8701be49063457346c6a7d	0.00133457742201626	0.0005311627012055162	0.9981342598767783	207	
1a46dba5587eb28a5ea424f0fceb8c9fd8fd2dbf95da82e37b1a2cd70b10796a	0.0013224512416055109	0.0004388841376748525	0.9982386646207198	201	
90a056e24813759270fd5fd8ccacbae90e069e6f34653d4cab1d1e33cf2d2370	0.004097772686660412	0.00047117137329147796	0.995431055940048	193	
82d313e4da2b811137bc19045fcae45a80a4e8861b31611d260ee99af0a7f9d5	0.004002340491674625	0.9740878975389862	0.02190976196933919	194	
75b82d081ed8b1141ee559f0477fd7376d27ab413391481bb5838bc57f7b0d4e	0.2621934369774881	0.04373932213342534	0.6940672408890866	143	
9a58811da3c80606586eb8d35eb2bc4dddcc936bb9704669555e4a9d426f4c58	0.001117074042116629	0.9956133447586983	0.003269581199184998	150	
fbdbb334bae451a8efe7576a9986e691dddd2365915b6587c20d9b0e09a4962d	0.007212338801127444	0.9684932574558077	0.024294403743064817	157	
9c0d3a023a0deb9b527ae1e90ebd353528870ac7e4e447e7421550da27d6ea13	0.04747139647529208	0.003174857151315369	0.9493537463733926	195	
0b17e8cfef7c40faacd88bbf698e392b1560c8e94de6b00e1d95be8aaec25152	0.0016727260483582786	0.0021676847089877496	0.996159589242654	144	
8a944eabb011f9043e524fc91f513e476e4e0f2aafc33b8afef945d630e0f126	0.004237109359916415	0.0014848496333064237	0.9942780410067772	151	
4fbd081ebef16e619b1dc808d70d849c704779ca9de39a92146666161ac22c0c	0.013280211329612964	0.0016796505363715812	0.9850401381340154	158	
301b086c65b2de250f0b30141b48a509fcbf27d7438800452bf85c43644e89e5	0.01788524713467834	0.002148877911754317	0.9799658749535674	184	
459ea34d9c7b37da47796aded05a673601db93e3e112f3a5208c968cf6eff8c9	0.003122812513476653	0.000859849677547636	0.9960173378089756	133	
452bbc5e0f5068dfa5d980c6a394442cf3d8b81265d11da8b80a7795b323f5b8	0.004371540547997634	0.0009631856081332503	0.9946652738438692	140	
d8f4e370dff03f625a470e673cb7c1e03d25a4c4cfdc517f21a0a641b6c72703	0.009979953866824565	0.0012624505964409147	0.9887575955367345	147	
9a403234256fa351bd8376c59e47461fdc08863d16173a96a8317aad1f0af755	0.004136218112682164	0.0007728471151684675	0.9950909347721495	221	
83ddf6ee3db9b593f57b1ea896f4daba37b85f90d86bdc07df91d76ab7b8ee61	0.0011259056389987046	0.0006375816749267523	0.9982365126860745	170	
e2cbf25c798663bd57d777fd6800ed5b6261aecc71f94c70d0ab2f28919daae0	0.0011991765734751137	0.0004942186493791521	0.9983066047771458	177	
28ce657b76db3743346b0e83404bf84f996da6209de0f6a78c56d86b7d2f7f26	0.0018858686201056285	0.0005366925527177974	0.9975774388271766	184	
c038c8a8064b4aa0b3a47c63b306dd3d726a5e60e1d05f054406a63c15f1b0f4	0.3748116545852653	0.001676700572554502	0.6235116448421802	138	
93af5bf04ceb60b913b3dad12d86e5644aa24199f77eaad635648e62b3360ae7	0.02696009661935106	0.0006846322074427483	0.9723552711732063	87	
0d4484ebe679b1a6e5f3ec05535a073d1421cb0994b0b01aee057407ec614fbe	0.004012622188231405	0.000436920479509682	0.9955504573322589	94	
65d2238165d3865ae1132d00a9ba8c2ec8e06fab1cb3eb2ce8bf5a5acca46222	0.7722973109826294	0.0003150182242047226	0.2273876707931659	101	
9b971d8cf38dbb6c3c0f6872f555832841e30123e3722d8f974517bd057e6fb5	0.8249069941763659	0.007586742843498541	0.16750626298013546	188	
9fc4204da64cebe28965c29720dabec475cfd3ef45ae59f71279a31d8ab04bd3	0.01027693441585433	0.0023339045959363917	0.9873891609882092	137	
813d71597fcb41ca9aa23f0ee3b90758f6ca840d7bb27db20af6ca86bb18b483	0.009276523132089102	0.0008466979027054402	0.9898767789652053	144	
640cd4bd2cbb5a8b5843db60ad16c1c223b907868b5024e28e7dd8165545db73	0.1816826383829103	0.0027709376186373907	0.8155464239984523	151	
a28b125a57b2491f6cd231e09c4db2837cda3d4c058609a9a69b9ee988081fbb	0.004608806869732704	0.6384716326139585	0.35691956051630885	100	
e492200691c48b346681a177f267b92f48e9651a01f60e6913dee5beba898d96	0.0007551097591009903	0.6189126699232035	0.3803322203176956	173	
1d037cd870821345a86437593f8d6bf4e8096e6663cf3f2c8b1c08e61be81f67	0.027516805643068923	0.03156036055713706	0.9409228337997939	205	
9732d5bc69c79822ec80371a6a3aa9b139c904d90da72ce80f9601a87b1d4c72	0.0010556466660012228	0.0006207503200267351	0.998323603013972	132	
4429905de35761b93b6d9d734a1b51ab687acffdf97b8ad06b72c2001d8e46a1	0.003908437116117289	0.98538028220242	0.010711280681462751	106	
2d2e11944a162b2b377ebd2b05fc780f8e8f21f0376d8ed1765ca59b33c52125	0.0032422930564535496	0.00709839107698712	0.9896593158665594	70	
afb34cc36015d8cf52890ff820e369d423f39ce331a9322cc86b9243aac1ebb9	0.9803014526343803	0.00757159962856088	0.012126947737058733	97	
489782a483b097c1be530ef4aebe96999126cf3f7dc23d2998f0cb29f04614c9	0.0006837345762972909	0.0228768709092493	0.9764393945144535	170	
f53c93fefc3172efd22538c0a428ad285073a71438b3bf6ea39eb28e9ccb78d5	0.06100988287372876	0.016603179708298027	0.9223869374179732	202	
d0e103909d5cac2b3a6a1c32ac1a9727553320acf7284c8d05dd073e70575fef	0.0009469043854213916	0.0005500528904048785	0.9985030427241737	129	
43a7a30bb7bfa265a1cc38c70586a84484bd148418e667e6872f9a7e73045527	0.07638221140525425	0.8854056822575245	0.03821210633722134	103	
859e09f91411bba3ff257b4ddf33d45904a9e5edbfa8e35e2420d660b7a75a34	0.006557337791642187	0.01006267808038154	0.9833799841279763	67	
6141cd0819595e039153d3b06f2be560d870a409267385cade7aa170d77ad324	0.002679555084387601	0.9820205035467753	0.015299941368836919	123	
16f20fdf1d85e2faef333e69d5e6338a8cb97ecbbffb2bf17f3362a2d90d16e4	0.004250686745996879	0.0007953825556005226	0.9949539306984027	187	
0cd8a2bceac4f8a6c43d44f9e0f97728b5c687b1c147c67235ffb3e02eedcf9d	0.0030262001453506032	0.0004438488711399371	0.9965299509835095	78	
9d257424a71848256137444be1d18ba1e285e928609b7c808c66f1afb0eed127	0.0004632761238202943	0.0005938870413033564	0.9989428368348764	112	
6b048da15a5bdd6eae619fa4ba58a796cdb4a96f003a4eb43e12904cd76ed6d0	0.00023896820869043878	0.00028402558120610617	0.9994770062101035	70	
f7a977db34aa986427155566bf12f1cffb41aee1e9a1bef6d58978beb6cc4fc0	0.0011344628477009536	0.0005495551874287881	0.9983159819648703	103	
b9d4bd08bd72aef1bfa24ac2174cdbbaa36cc46dfacd6ff6922aa145a3f21eff	0.996649430669183	0.0006978753183916423	0.0026526940124253036	119	
075d80fb8160f3f75909f936ac26df0c6cff12fc4552d0734a362aaa4c4a227d	0.0035625644159126496	0.000668880299213884	0.9957685552848734	183	
282c8e3037c13f756fc20293a5b7d6bbcc2d91129ce2f31cb70351b7721d291c	0.0024545235578318125	0.0003900478022917713	0.9971554286398764	74	
3406694c9524e8a19a1c7b077e32e604cb46e7d1e004dc2c2d84fb8ae79eae9b	0.0017408755902004881	0.0008185940152109001	0.9974405303945886	108	
1274eb0fccca0473992a3a6b9e2992f4df5d0451caef7a67ca937d76481402e6	0.00035719629392466965	0.00020696227381350162	0.9994358414322618	66	
374bf249a02e9b634ac8ad991f28123ff65e7bdc5c69aa46defa0246f3ba299f	0.0017800031900785036	0.0004789229597565858	0.997741073850165	99	
fbcc1e3d16ace77886caecdfb4d4d2b2c86d3500565fb149e8831d650a178b29	0.006431772602305448	0.628603775062155	0.3649644523355394	122	
81741c43a69105ac4107def2be0649ec08d431fb38705dbea7ebb513e82289c2	0.004167007655192073	0.000483768858710901	0.9953492234860971	82	
9e0b4562c5dbf190612df27e9faa8fbed4a630a539bcc50657bce8943b093f99	0.0017241992483644141	0.00037514961608812975	0.9979006511355475	159	
a4f648e06c9a9b91843b16c1f13e317e7e773b395b44af903e9cd71830ad75f6	0.00034873238995204286	0.0015567983727382282	0.9980944692373097	145	
1bfa0f0da7157f6e35afb6d32bb9619ddb8e7a17815688b296bf3f8bd38d5990	0.0007583131423861414	0.002068896075697376	0.9971727907819165	124	
91e1e50ee91c194e7b9f9616bc9342bb6f4b87c43e1bbcbc57e886eb95354f6b	0.0021476796243409973	0.00119563921031191	0.9966566811653472	135	
33e5e1fbd3aebc1f9f2d8147c18ebb3edbf4d3bafe3d8d16757c65ede60339af	0.9853243279490626	0.00205887246432269	0.012616799586614751	106	
778534cefcb7a005409ff180de20127ac5ec10b121a2ceb47df904a6c1b21000	0.01250132899811444	0.0020903098274180224	0.9854083611744676	66	
7b74559096b99cda75e37b5c2596f847c1a08ce8a1a4c0054b31e87928f894d6	0.005885518918544098	0.0007059381730026476	0.9934085429084533	143	
2481cb2a4bbeda1c6ae3bd0e3bf80dcb92506642e900791101d7051982f2f70e	0.009532698583933122	0.0012198269635014943	0.9892474744525654	129	
60a583b6531932598e6fd2f06832cc88a4d534753d87bc3cfa03263cb902f6b3	0.999324964392018	3.9313450381403356e-05	0.0006357221576007851	108	
19370b43ae97b8b88a4285f9b827ee1d74143f27cd95a392c8d29a72f01dc827	0.9903064241606868	0.0001592724118806206	0.009534303427432674	119	
65bef4c2cfca9f723bd032acc52463ee2666fe12da10d3a1369f69a6f97e3f50	0.0005491843120974971	0.9976584282376323	0.0017923874502701817	186	
644148724608790169062810d2083ea1ca162b14caf3c8487a864b92308f5958	0.7840119614875916	0.009343768004718355	0.20664427050769005	184	
02b6e5c4b3b362a54bb82274ed543a01a575222f7ba9117695bc6da47cfbb2c1	0.002060697472694043	0.000319373609553928	0.997619928917752	226	
90847212b2d23b16aa6ada11eb2533ce483d860971c5925225b9787d3c4f3260	0.9973653566537755	7.723751096345752e-05	0.002557405835260988	177	
593cadd5b51d58324dd18fed783e855e46e60b1403086ab8766fab670a2ecf78	0.1413541448512594	0.0012691592272247247	0.8573766959215158	196	
3655e62c05314e7aed04c22abafbdb2e3df4955717423744a294de11c93f7c8a	0.025818143248048143	0.001953102595185114	0.9722287541567667	193	
f749fce4d85e34fac362d780cd45c56d2a20ca961ff60a02ed4db2a44d0940f5	0.0026008572661726384	0.9941913179434186	0.0032078247904087378	186	
f1dc8a0bb6e8a31b2b4477f31a31c69b55ea301f4838fe345960f7f5dec849a0	0.010467838022470956	0.0008808511019038165	0.9886513108756252	184	
85842ea460cdee8e7b20127b2e4059ec79b8290a13d67f3ab7e1dc2dd0c493e1	0.001213868299226051	0.00017474277434142117	0.9986113889264324	226	
fee225a7642100b68f0c1385fa15b2271b3beb28260fd0014fd952cc9cb02d2a	0.9949746971358394	0.00012827197018222696	0.0048970308939783646	177	
744eda224f4b944e9c554e59f63b82972aca461429ee45c6902244f5e51771ec	0.4514811880484117	0.0014083724992886894	0.5471104394522995	196	
4953857c490f0886ba43bdde77748041886d3e593486c4aabe7ebb48b94a3f44	0.016153376830971206	0.0012443723277277344	0.982602250841301	193	
ab5cca0b9dc4246e7c5824ecf40984c50ade28d63555bc59c2984d20a0454c0b	0.002806516874694047	0.8857776988329822	0.11141578429232377	195	
2ba032cff2f45c5893f935d995c83802b367f52c22f030e495edd2e275f34a9c	0.03707666104464623	0.003819699412281738	0.9591036395430721	183	
0462afdb8c762162789b0639e2ce2c22c60e05960576101d276bd3ee6831c8c8	0.9882327783530941	0.0001704217739100374	0.011596799872995982	185	
663e851da991c6139510a147eb6c3e6249db09673f02d4ab19088d369bb4f9f4	0.0013399986655827799	0.00027718297223158154	0.9983828183621857	225	
237d3bebcfdb335b9a93275fefdf7f8f639ea0188d4c5de100bac934ac7f0d92	0.0033398208315415135	0.0010710416625717186	0.9955891375058867	176	
906b4dab55a8deb7af993b61bdbc1fd84fb9ac1f260af3892cf52f19a3e12d26	0.0008693497865066928	0.0006712961620128043	0.9984593540514805	192	
20b2185303f3a734fe3c81ea2ac2516d3f8861118f9c36f22450b274163da1f0	0.9899311601990676	0.00018737986763872426	0.009881459933293785	194	
80ffc12f39cb488538845fbcd1555f87c23aecd1ff079ab90219ba576036c3ae	0.05412692676096146	0.0007582683494989473	0.9451148048895396	182	
9fbf64feb007034208aef66816345708bb2ba395cd46059ef8728302ca9b0454	0.9988076410660944	1.040242934226129e-05	0.0011819565045632849	184	
583fa1d22867a58198d0d2d1965d82c91c19cbddd951aa4d3e00b4e276671722	0.004664665082911963	0.00016945105664300576	0.9951658838604451	224	
78124e1b1fea2f4e1aad8dc02647a25a8e1919338814461808bb488449975ead	0.9920627865242209	0.0004229782133534141	0.007514235262425523	175	
605c3daf8cfe8e9c2e9751e97be42b81bb9a2ea442439e6bc442f966a3d2670f	0.939447524949224	0.00034989976155404485	0.06020257528922185	191	
95b0ec35d65ef82bbcbdc21c23049e650d61b269d2d3c67342b75c7800422040	0.000850715270012018	0.9937131031599732	0.005436181570014916	143	
ecfa5c5fb4236ae59377a87b64f4626eb5bbe811b2fc77b1f0f90b8cac98193a	0.007754501039669799	0.006684386556013723	0.9855611124043164	144	
c2066b1651c8912d2c2ef5a0439f58a2a2004a05c151bb7c4da8d2ef858d354b	0.006543115786014085	0.0014168157879154001	0.9920400684260705	133	
95304c94e9c12c4077857ab1e6e289428ea254713df9539557a27242b9325ac9	0.0011406522972680787	0.0005104569550599152	0.9983488907476719	170	
a215a054c06d721a0c2c0915100eeb98199eb0d0f7fea743e81473f3172c294b	0.24801787964634828	0.0013205583297321586	0.7506615620239195	87	
2987a078151b1f4e12914c114906cecfddb34a4f20ed1dc757cec608b0706671	0.04908749449255512	0.001665578954928438	0.9492469265525165	137	
e61a1b44664538d43b9f12698478ab243a9eda4e7f123ee4ae6fe219bda75822	0.8531671401998161	0.1292535301539204	0.017579329646263273	141	
2e03f73c2365a7af85e6d86727b26131b34b82eb86787ff8e157f71a915c9da7	0.01517084793065212	0.010981739783432582	0.9738474122859153	142	
bdd3b42d21f57780a53d2849855d4ec1bc10d03a581879338da45427100edb60	0.007032031621612603	0.0015817915651089906	0.9913861768132783	131	
a5ed59acd63c09a419af98eba160f9237dd0398288175a7332350349fbc76847	0.0012078559733855842	0.0005605827857276734	0.9982315612408867	168	
201afbf077ab36b2acea1af9775c173f47b86c446fce772a076d077caaf22c6f	0.1995678121106396	0.002289203597898603	0.7981429842914619	85	
66a4d73138f6d84e619c9aa7c86f695798f2bff4fa4b2531914b13c748813624	0.7184290795293473	0.00622432697053112	0.2753465935001216	135	
9c489dc92b80eca87dc2cf83425570bc71dccb126d90e496fb4119c5158fcf47	0.0016062791772528647	0.9848032141159272	0.013590506706819891	147	
acebabff166a4b52ffbf2a86fb5e36b424803a634fb575e659f6371f619e4ad2	0.002162284034592626	0.001569090497687213	0.9962686254677201	154	
1e1c98d38a4f22a1a259404f2b0b5f4f755f63f308462d589361bd7a4577d5e1	0.004407084184371541	0.0007587342966727909	0.9948341815189558	143	
4ce08badf6c295211bde636042f432b8fcb7a91504b2c35ac186e309069c20eb	0.0009459037916951052	0.0003911736489639426	0.9986629225593409	180	
b350c26103dc3f22854ae09cf1ddd16959df16c84ef61bdd11cbf246c836e819	0.008055137146542563	0.00037197998828538895	0.9915728828651721	97	
3765021b2629fab57bd32fc46eae5f074e13f9b7f09b9de294420aa8065d5c8d	0.007271615472970478	0.0008554095911973593	0.991872974935832	153	
3281e263946fd830af9ab4eeee77004778e2b2b40075740711a184a34e8e8f13	0.9987125447414168	3.074527625457897e-05	0.0012567099823284353	142	
07d188d583410f6c11603af4ba931f6d1f8bb995ef201ebddc18ace7e52c5d9d	0.9793991287986376	8.124471808567481e-05	0.02051962648327692	149	
3fdb6d83044b36f8a22bc47fb7a3fccfd35eb076cdee7852effa1a21b63f87d9	0.04217441207368315	0.0003855018403473384	0.9574400860859694	138	
d9ce791c540f9dd5acdf44617b167c94b16315f6efba8ec23bd1973d9806d1da	0.00883973961455528	0.0001721859246982697	0.9909880744607465	175	
62a24a4406dac8a1ecd7e54fe5bc97ff7636d7b3321ab3ebfd36e5c691825bed	0.9852603245213559	3.256691703556366e-05	0.01470710856160846	92	
1e48ef6ca66c9a8b5bebd3e85a275a07d71501954bfc5ffa313fd605873f862e	0.9912899600968874	7.96352861011947e-05	0.008630404617011625	148	
80b1c60b5f7b88be65edfc040cc0642b1702bebab5c490ae18eefa2560b08b51	0.001927395484199283	0.9868283870500826	0.011244217465717948	107	
585daf0d05930e3de8015fcc2170ca6acfc2bbccfdd6035467626157c705d793	0.0011266870292661359	0.002073183872383505	0.9968001290983505	99	
7316c618523374a96ca8b562c872213a6a128b414a3560d2e35b1b6799b3a857	0.04491196773957977	0.6490454351717385	0.30604259708868187	92	
e5d5aebfeecfb08f94e97c51ee436e1134be3ac81cfb9d6b3c6b86ef33f5081d	0.010873443507061271	0.0613679945313113	0.9277585619616275	180	
93a38787ea4130686c5c0315a0742c6e1e5c1e138a2e0b28d6046d5b3c8ecb0f	0.00839127373768182	0.1704170027284161	0.821191723533902	172	
d3f4dff42e6c261f1ac5a373b925806e7d4e195cd2356f8a8e4f8844fc361032	0.009649895527433758	0.05597907196817178	0.9343710325043945	165	
8ebc1c9482e01466138f1d46c4c640fd3d12ee028584bf2ea04bcb7a3d7efb7c	0.023099560254250317	0.007671812301783049	0.9692286274439667	212	
10e97f422364ae0fe5382f26d56e4c9397fc70e9f67cfb800ab65cf0fadc3ce5	0.009881328191152387	0.01558729052989347	0.9745313812789541	204	
288768d25bd1966b9fc7253e8c18b6cf90e829bcc128e80c93be52a6c3775172	0.1635961304281898	0.008799939365652354	0.8276039302061577	197	
1705a2a62dea62c00e2dacbb5da25b02941cf90c27e8bdf5503235943fa15016	0.004929528140301169	0.004218540361064964	0.9908519314986339	139	
69df13e3572c2436c93f23f0feb4bbe9819b39b4a6ebc941ea7599fa1dce14ac	0.005665603894327727	0.0011786119604264304	0.9931557841452459	131	
9de2bf43903bb71908444d806fab748719d4119f2f03a59bbcda028fb85ae7e4	0.0058965072340201215	0.00086593838651189	0.993237554379468	124	
6737c0cfc02be2b6aca8f50e60712afe808972aea0b52b1b8c275ab8cbe89a09	0.030376855264696422	0.9266282438524366	0.0429949008828668	113	
35083f65d1a4f1c1bb8ea244b4e0febcdd00b3e3c77e914a84fbf61a9959b37f	0.00186321198372849	0.9889171462691423	0.0092196417471291	105	
43e6a568503a3361b4bbd9bc7c426aeafff223747983ea33e4b7b8b66b6ed736	0.5966306072502966	0.3119517874070339	0.09141760534266959	98	
57275a4d39ff02b66df7b4273579680e343125d868a184668bafac3126f3fe02	0.6430357990645837	0.1490075823815668	0.2079566185538495	77	
516306508efc9746a5f1d35ebdcccf11fe6e799d9d1ca30a4b4d01a61ced4c8c	0.42088656898318183	0.025769668431436618	0.5533437625853815	69	
092765417fb490966d367dc5cd89c0c37268b385792f4eb52ecf6c18c5e82aa5	0.9650933620116313	0.0028185256016676373	0.03208811238670105	62	
1edf79b3d5b4b8562945133913db627886132700ebccb7ed14c47a1046d2cdb9	0.24301252911888593	0.08456582880729145	0.6724216420738225	106	
a702bb1f8ce6682f67884dcac85af7efc858d02fcf50549a87855da12bf4ed4f	0.03756535873608238	0.07389127129523959	0.8885433699686781	93	
554ea1ed102e95e5113d11509e0869d419cee36d79d4633b36367f108c411e8e	0.3170814525934271	0.010108204465909145	0.6728103429406637	97	
0f6e330f92657bde84bf122008ba2e5ad4816430a93139b9140ac34c9f4cc7d5	0.005455634572467799	0.10289727006949789	0.8916470953580343	179	
e257dc7a65bace2886f4302072694994379a0d79b8543a9f1c480d4ac1370b49	0.0028182094901201054	0.012269074874115765	0.9849127156357642	166	
81034e6490379f1eca52f2dece06c40e713c2081cb832cd370434e9b9db87619	0.000520732212884688	0.00460926392003373	0.9948700038670817	170	
7a820823ac0e3d0bd6db4444c3289151469ff3437ddc385d709dbdbac6fa27af	0.01660155838977252	0.010022739560027633	0.9733757020501999	211	
0382b4bc6814cc03b2b9d5fff56c1201fd6f9e4118dd3281c7d233734969f012	0.10642952842291314	0.004878201514182337	0.8886922700629045	198	
42ca25d159092e4175dd559b2c1e6d376bddbbc491f7bc7581d8bc13a220e32a	0.004906544412153447	0.0012115264762456116	0.9938819291116009	202	
b222e57d04c2fd7d1aabace9887bd65425189863eeaa3a78eddfd6777380d2df	0.013266471111500476	0.009391501809021078	0.9773420270794785	138	
52293cedb12ea531c7cb7b9de89a829eafeb23b6a12b2319b1b183ca1b03f94c	0.005606567876278611	0.0008400652981631976	0.9935533668255581	125	
de303dafb0a8a64840b1bd536fb4e8e399c30bcad774a75a63aae235969edb7e	0.0019391344628532502	0.0004643315387660358	0.9975965339983808	129	
8a7a368264825c395dc626f8a518338bf220653c731a62f3750bc2ebc354436c	0.3367081920646774	0.024846940527720622	0.638444867407602	112	
8cc6a4391c7593dbd989d81c34eceb46a2fd01e1ea47f6644c95e97fe79d91ed	0.6366371872340212	0.2864601328340548	0.07690267993192405	99	
e84d0769f39e0b396c591431f96dffa6dfb5606f5d894092d824f611dd20dd46	0.13223936113705034	0.0032342174158634285	0.8645264214470862	103	
42ad0fc16ec7ffce97459fb6aab81b9a50697aa8b5882314cf4e24509580ccd1	0.23167089357521295	0.3145143787413043	0.45381472768348274	76	
995632f3966fa4d759272c26d32680abe69ab77fde534687721695cae1fc1f3d	0.9484120832615281	0.0036082400362403315	0.047979676702231466	63	
c5ed94af8f6decba2bb98e49e41596cbde9f9db065789765c6028106df075a37	0.0028605450123282633	0.0006611302557940361	0.9964783247318777	67	
